edge_timestamp,server_timestamp,car_id,latitude,longitude,hdop,satellites,adc,gps_age,gps_valid,horn,inside_geofence,zone,event_type,justified,distance_to_zone,packet_count,message,raw_packet
318958,2026-07-17T23:13:47.726400,CAR_001,22.32335000,73.13629000,1.6,4,0,612,True,True,False,Testing Zone,NORMAL,,45.26,1,Vehicle outside silence zone.,"{""timestamp"":318958,""car_id"":""CAR_001"",""lat"":22.32335007,""lon"":73.13629047,""horn"":true,""hdop"":1.6,""satellites"":4,""adc"":0,""gps_age"":612,""gps_valid"":true}"
319959,2026-07-17T23:13:48.720732,CAR_001,22.32335000,73.13629300,1.6,4,0,612,True,True,False,Testing Zone,NORMAL,,45.31,2,Vehicle outside silence zone.,"{""timestamp"":319959,""car_id"":""CAR_001"",""lat"":22.32335037,""lon"":73.13629283,""horn"":true,""hdop"":1.6,""satellites"":4,""adc"":0,""gps_age"":612,""gps_valid"":true}"
320960,2026-07-17T23:13:49.722510,CAR_001,22.32335100,73.13629600,1.6,4,0,609,True,True,False,Testing Zone,NORMAL,,45.37,3,Vehicle outside silence zone.,"{""timestamp"":320960,""car_id"":""CAR_001"",""lat"":22.32335067,""lon"":73.13629557,""horn"":true,""hdop"":1.6,""satellites"":4,""adc"":0,""gps_age"":609,""gps_valid"":true}"
321961,2026-07-17T23:13:50.726874,CAR_001,22.32335200,73.13629800,1.6,4,0,612,True,True,False,Testing Zone,NORMAL,,45.35,4,Vehicle outside silence zone.,"{""timestamp"":321961,""car_id"":""CAR_001"",""lat"":22.32335163,""lon"":73.13629797,""horn"":true,""hdop"":1.6,""satellites"":4,""adc"":0,""gps_age"":612,""gps_valid"":true}"
322962,2026-07-17T23:13:51.728205,CAR_001,22.323352,73.13630100,1.6,4,0,615,True,True,False,Testing Zone,NORMAL,,45.41,5,Vehicle outside silence zone.,"{""timestamp"":322962,""car_id"":""CAR_001"",""lat"":22.323352,""lon"":73.13630057,""horn"":true,""hdop"":1.6,""satellites"":4,""adc"":0,""gps_age"":615,""gps_valid"":true}"
323963,2026-07-17T23:13:52.725119,CAR_001,22.3233510,73.1363050,1.6,4,0,616,True,True,False,Testing Zone,NORMAL,,45.7,6,Vehicle outside silence zone.,"{""timestamp"":323963,""car_id"":""CAR_001"",""lat"":22.3233506,""lon"":73.1363047,""horn"":true,""hdop"":1.6,""satellites"":4,""adc"":0,""gps_age"":616,""gps_valid"":true}"
324964,2026-07-17T23:13:53.732791,CAR_001,22.3233490,73.13630900,1.6,4,0,617,True,True,False,Testing Zone,NORMAL,,46.07,7,Vehicle outside silence zone.,"{""timestamp"":324964,""car_id"":""CAR_001"",""lat"":22.3233486,""lon"":73.13630927,""horn"":true,""hdop"":1.6,""satellites"":4,""adc"":0,""gps_age"":617,""gps_valid"":true}"
325965,2026-07-17T23:13:54.731947,CAR_001,22.32334700,73.1363130,1.6,4,0,616,True,True,False,Testing Zone,NORMAL,,46.37,8,Vehicle outside silence zone.,"{""timestamp"":325965,""car_id"":""CAR_001"",""lat"":22.32334707,""lon"":73.1363129,""horn"":true,""hdop"":1.6,""satellites"":4,""adc"":0,""gps_age"":616,""gps_valid"":true}"
326966,2026-07-17T23:13:55.729713,CAR_001,22.3233430,73.13631800,1.6,4,0,619,True,True,False,Testing Zone,NORMAL,,46.99,9,Vehicle outside silence zone.,"{""timestamp"":326966,""car_id"":""CAR_001"",""lat"":22.3233431,""lon"":73.13631843,""horn"":true,""hdop"":1.6,""satellites"":4,""adc"":0,""gps_age"":619,""gps_valid"":true}"
327967,2026-07-17T23:13:56.730870,CAR_001,22.32333900,73.13632400,1.6,4,0,620,True,True,False,Testing Zone,NORMAL,,47.59,10,Vehicle outside silence zone.,"{""timestamp"":327967,""car_id"":""CAR_001"",""lat"":22.32333923,""lon"":73.13632377,""horn"":true,""hdop"":1.6,""satellites"":4,""adc"":0,""gps_age"":620,""gps_valid"":true}"
328968,2026-07-17T23:13:57.731246,CAR_001,22.3233390,73.13632500,1.6,4,0,621,True,True,False,Testing Zone,NORMAL,,47.64,11,Vehicle outside silence zone.,"{""timestamp"":328968,""car_id"":""CAR_001"",""lat"":22.3233392,""lon"":73.13632477,""horn"":true,""hdop"":1.6,""satellites"":4,""adc"":0,""gps_age"":621,""gps_valid"":true}"
329969,2026-07-17T23:13:58.733295,CAR_001,22.32334000,73.1363240,1.6,4,0,635,True,True,False,Testing Zone,NORMAL,,47.5,12,Vehicle outside silence zone.,"{""timestamp"":329969,""car_id"":""CAR_001"",""lat"":22.32334023,""lon"":73.1363241,""horn"":true,""hdop"":1.6,""satellites"":4,""adc"":0,""gps_age"":635,""gps_valid"":true}"
330970,2026-07-17T23:13:59.732035,CAR_001,22.32334200,73.13632200,1.6,4,0,623,True,True,False,Testing Zone,NORMAL,,47.26,13,Vehicle outside silence zone.,"{""timestamp"":330970,""car_id"":""CAR_001"",""lat"":22.32334197,""lon"":73.13632243,""horn"":true,""hdop"":1.6,""satellites"":4,""adc"":0,""gps_age"":623,""gps_valid"":true}"
331971,2026-07-17T23:14:00.736305,CAR_001,22.32334500,73.13631900,1.6,4,0,623,True,True,False,Testing Zone,NORMAL,,46.79,14,Vehicle outside silence zone.,"{""timestamp"":331971,""car_id"":""CAR_001"",""lat"":22.32334523,""lon"":73.13631893,""horn"":true,""hdop"":1.6,""satellites"":4,""adc"":0,""gps_age"":623,""gps_valid"":true}"
332972,2026-07-17T23:14:01.734059,CAR_001,22.32334700,73.13631700,1.6,4,0,623,True,True,False,Testing Zone,NORMAL,,46.5,15,Vehicle outside silence zone.,"{""timestamp"":332972,""car_id"":""CAR_001"",""lat"":22.32334717,""lon"":73.13631667,""horn"":true,""hdop"":1.6,""satellites"":4,""adc"":0,""gps_age"":623,""gps_valid"":true}"
333973,2026-07-17T23:14:02.737272,CAR_001,22.3233470,73.1363160,1.6,4,0,626,True,True,False,Testing Zone,NORMAL,,46.47,16,Vehicle outside silence zone.,"{""timestamp"":333973,""car_id"":""CAR_001"",""lat"":22.3233473,""lon"":73.1363161,""horn"":true,""hdop"":1.6,""satellites"":4,""adc"":0,""gps_age"":626,""gps_valid"":true}"
334974,2026-07-17T23:14:03.735923,CAR_001,22.32334700,73.1363160,1.6,4,0,627,True,True,False,Testing Zone,NORMAL,,46.5,17,Vehicle outside silence zone.,"{""timestamp"":334974,""car_id"":""CAR_001"",""lat"":22.32334683,""lon"":73.1363157,""horn"":true,""hdop"":1.6,""satellites"":4,""adc"":0,""gps_age"":627,""gps_valid"":true}"
335975,2026-07-17T23:14:04.737662,CAR_001,22.32334600,73.1363150,1.6,4,0,640,True,True,False,Testing Zone,NORMAL,,46.63,18,Vehicle outside silence zone.,"{""timestamp"":335975,""car_id"":""CAR_001"",""lat"":22.32334553,""lon"":73.1363155,""horn"":true,""hdop"":1.6,""satellites"":4,""adc"":0,""gps_age"":640,""gps_valid"":true}"
339979,2026-07-17T23:14:08.740390,CAR_001,22.3233560,73.13630000,4.31,4,0,632,True,True,False,Testing Zone,NORMAL,,44.94,19,Vehicle outside silence zone.,"{""timestamp"":339979,""car_id"":""CAR_001"",""lat"":22.3233563,""lon"":73.13629997,""horn"":true,""hdop"":4.31,""satellites"":4,""adc"":0,""gps_age"":632,""gps_valid"":true}"
340980,2026-07-17T23:14:09.744913,CAR_001,22.3233640,73.13629300,4.31,4,0,633,True,True,False,Testing Zone,NORMAL,,43.89,20,Vehicle outside silence zone.,"{""timestamp"":340980,""car_id"":""CAR_001"",""lat"":22.3233638,""lon"":73.13629253,""horn"":true,""hdop"":4.31,""satellites"":4,""adc"":0,""gps_age"":633,""gps_valid"":true}"
341981,2026-07-17T23:14:10.770682,CAR_001,22.32337000,73.1362860,1.6,4,0,632,True,True,False,Testing Zone,NORMAL,,42.99,21,Vehicle outside silence zone.,"{""timestamp"":341981,""car_id"":""CAR_001"",""lat"":22.32337037,""lon"":73.1362864,""horn"":true,""hdop"":1.6,""satellites"":4,""adc"":0,""gps_age"":632,""gps_valid"":true}"
342982,2026-07-17T23:14:11.745298,CAR_001,22.32337600,73.1362820,1.6,4,0,635,True,True,False,Testing Zone,NORMAL,,42.27,22,Vehicle outside silence zone.,"{""timestamp"":342982,""car_id"":""CAR_001"",""lat"":22.32337567,""lon"":73.1362816,""horn"":true,""hdop"":1.6,""satellites"":4,""adc"":0,""gps_age"":635,""gps_valid"":true}"
343983,2026-07-17T23:14:12.745895,CAR_001,22.32337900,73.1362780,1.6,4,0,634,True,True,False,Testing Zone,NORMAL,,41.82,23,Vehicle outside silence zone.,"{""timestamp"":343983,""car_id"":""CAR_001"",""lat"":22.32337893,""lon"":73.1362783,""horn"":true,""hdop"":1.6,""satellites"":4,""adc"":0,""gps_age"":634,""gps_valid"":true}"
344984,2026-07-17T23:14:13.752348,CAR_001,22.32337800,73.1362780,1.6,4,0,632,True,True,False,Testing Zone,NORMAL,,41.87,24,Vehicle outside silence zone.,"{""timestamp"":344984,""car_id"":""CAR_001"",""lat"":22.32337837,""lon"":73.1362781,""horn"":true,""hdop"":1.6,""satellites"":4,""adc"":0,""gps_age"":632,""gps_valid"":true}"
345985,2026-07-17T23:14:14.746699,CAR_001,22.3233740,73.13628100,1.6,4,0,634,True,True,False,Testing Zone,NORMAL,,42.38,25,Vehicle outside silence zone.,"{""timestamp"":345985,""car_id"":""CAR_001"",""lat"":22.3233745,""lon"":73.13628123,""horn"":true,""hdop"":1.6,""satellites"":4,""adc"":0,""gps_age"":634,""gps_valid"":true}"
346986,2026-07-17T23:14:15.751819,CAR_001,22.32336800,73.13628700,1.6,4,0,635,True,True,False,Testing Zone,NORMAL,,43.24,26,Vehicle outside silence zone.,"{""timestamp"":346986,""car_id"":""CAR_001"",""lat"":22.32336807,""lon"":73.13628673,""horn"":true,""hdop"":1.6,""satellites"":4,""adc"":0,""gps_age"":635,""gps_valid"":true}"
347987,2026-07-17T23:14:16.856772,CAR_001,22.32336000,73.1362930,1.6,4,0,635,True,True,False,Testing Zone,NORMAL,,44.26,27,Vehicle outside silence zone.,"{""timestamp"":347987,""car_id"":""CAR_001"",""lat"":22.32336033,""lon"":73.1362927,""horn"":true,""hdop"":1.6,""satellites"":4,""adc"":0,""gps_age"":635,""gps_valid"":true}"
348988,2026-07-17T23:14:17.748706,CAR_001,22.32335200,73.13629800,1.6,4,0,637,True,True,False,Testing Zone,NORMAL,,45.31,28,Vehicle outside silence zone.,"{""timestamp"":348988,""car_id"":""CAR_001"",""lat"":22.32335203,""lon"":73.13629807,""horn"":true,""hdop"":1.6,""satellites"":4,""adc"":0,""gps_age"":637,""gps_valid"":true}"
349989,2026-07-17T23:14:18.756843,CAR_001,22.32334600,73.13630400,1.6,4,0,638,True,True,False,Testing Zone,NORMAL,,46.15,29,Vehicle outside silence zone.,"{""timestamp"":349989,""car_id"":""CAR_001"",""lat"":22.32334617,""lon"":73.13630437,""horn"":true,""hdop"":1.6,""satellites"":4,""adc"":0,""gps_age"":638,""gps_valid"":true}"
350990,2026-07-17T23:14:19.751423,CAR_001,22.32334000,73.1363100,1.6,4,0,637,True,True,False,Testing Zone,NORMAL,,46.97,30,Vehicle outside silence zone.,"{""timestamp"":350990,""car_id"":""CAR_001"",""lat"":22.32334027,""lon"":73.1363101,""horn"":true,""hdop"":1.6,""satellites"":4,""adc"":0,""gps_age"":637,""gps_valid"":true}"
351991,2026-07-17T23:14:20.754398,CAR_001,22.32333800,73.13631400,1.6,4,0,638,True,True,False,Testing Zone,NORMAL,,47.4,31,Vehicle outside silence zone.,"{""timestamp"":351991,""car_id"":""CAR_001"",""lat"":22.32333753,""lon"":73.13631407,""horn"":true,""hdop"":1.6,""satellites"":4,""adc"":0,""gps_age"":638,""gps_valid"":true}"
352992,2026-07-17T23:14:21.754472,CAR_001,22.3233370,73.13631800,1.6,4,0,640,True,True,False,Testing Zone,NORMAL,,47.57,32,Vehicle outside silence zone.,"{""timestamp"":352992,""car_id"":""CAR_001"",""lat"":22.3233372,""lon"":73.13631773,""horn"":true,""hdop"":1.6,""satellites"":4,""adc"":0,""gps_age"":640,""gps_valid"":true}"
353993,2026-07-17T23:14:22.754672,CAR_001,22.3233370,73.13632200,1.6,4,0,641,True,True,False,Testing Zone,NORMAL,,47.76,33,Vehicle outside silence zone.,"{""timestamp"":353993,""car_id"":""CAR_001"",""lat"":22.3233369,""lon"":73.13632193,""horn"":true,""hdop"":1.6,""satellites"":4,""adc"":0,""gps_age"":641,""gps_valid"":true}"
354994,2026-07-17T23:14:23.755318,CAR_001,22.3233370,73.13632500,1.6,4,0,642,True,True,False,Testing Zone,NORMAL,,47.88,34,Vehicle outside silence zone.,"{""timestamp"":354994,""car_id"":""CAR_001"",""lat"":22.3233369,""lon"":73.13632503,""horn"":true,""hdop"":1.6,""satellites"":4,""adc"":0,""gps_age"":642,""gps_valid"":true}"
355995,2026-07-17T23:14:24.755900,CAR_001,22.32333800,73.1363270,1.6,4,0,643,True,True,False,Testing Zone,NORMAL,,47.81,35,Vehicle outside silence zone.,"{""timestamp"":355995,""car_id"":""CAR_001"",""lat"":22.32333823,""lon"":73.1363267,""horn"":true,""hdop"":1.6,""satellites"":4,""adc"":0,""gps_age"":643,""gps_valid"":true}"
356996,2026-07-17T23:14:25.772346,CAR_001,22.32334000,73.13632700,1.6,4,0,643,True,True,False,Testing Zone,NORMAL,,47.65,36,Vehicle outside silence zone.,"{""timestamp"":356996,""car_id"":""CAR_001"",""lat"":22.32333987,""lon"":73.13632677,""horn"":true,""hdop"":1.6,""satellites"":4,""adc"":0,""gps_age"":643,""gps_valid"":true}"
357997,2026-07-17T23:14:26.757666,CAR_001,22.32334100,73.1363250,1.6,4,0,646,True,True,False,Testing Zone,NORMAL,,47.51,37,Vehicle outside silence zone.,"{""timestamp"":357997,""car_id"":""CAR_001"",""lat"":22.32334053,""lon"":73.1363251,""horn"":true,""hdop"":1.6,""satellites"":4,""adc"":0,""gps_age"":646,""gps_valid"":true}"
358998,2026-07-17T23:14:27.765684,CAR_001,22.3233420,73.1363220,1.6,4,0,646,True,True,False,Testing Zone,NORMAL,,47.24,38,Vehicle outside silence zone.,"{""timestamp"":358998,""car_id"":""CAR_001"",""lat"":22.3233422,""lon"":73.1363224,""horn"":true,""hdop"":1.6,""satellites"":4,""adc"":0,""gps_age"":646,""gps_valid"":true}"
359999,2026-07-17T23:14:28.777646,CAR_001,22.32334400,73.13631800,1.6,4,0,647,True,True,False,Testing Zone,NORMAL,,46.92,39,Vehicle outside silence zone.,"{""timestamp"":359999,""car_id"":""CAR_001"",""lat"":22.32334373,""lon"":73.13631823,""horn"":true,""hdop"":1.6,""satellites"":4,""adc"":0,""gps_age"":647,""gps_valid"":true}"
361000,2026-07-17T23:14:29.760728,CAR_001,22.32334600,73.1363150,1.6,4,0,650,True,True,False,Testing Zone,NORMAL,,46.55,40,Vehicle outside silence zone.,"{""timestamp"":361000,""car_id"":""CAR_001"",""lat"":22.32334617,""lon"":73.1363151,""horn"":true,""hdop"":1.6,""satellites"":4,""adc"":0,""gps_age"":650,""gps_valid"":true}"
362001,2026-07-17T23:14:30.761695,CAR_001,22.32334900,73.13631200,1.6,4,0,650,True,True,False,Testing Zone,NORMAL,,46.17,41,Vehicle outside silence zone.,"{""timestamp"":362001,""car_id"":""CAR_001"",""lat"":22.32334863,""lon"":73.13631203,""horn"":true,""hdop"":1.6,""satellites"":4,""adc"":0,""gps_age"":650,""gps_valid"":true}"
363002,2026-07-17T23:14:31.762655,CAR_001,22.32335200,73.13630900,1.6,4,0,651,True,True,False,Testing Zone,NORMAL,,45.76,42,Vehicle outside silence zone.,"{""timestamp"":363002,""car_id"":""CAR_001"",""lat"":22.32335157,""lon"":73.13630897,""horn"":true,""hdop"":1.6,""satellites"":4,""adc"":0,""gps_age"":651,""gps_valid"":true}"
426065,2026-07-17T23:15:34.825004,CAR_001,22.323827,73.13598700,2.18,4,0,713,True,True,True,Testing Zone,HONK,False,-3.25,43,Honk unjustified inside Testing Zone.,"{""timestamp"":426065,""car_id"":""CAR_001"",""lat"":22.323827,""lon"":73.13598713,""horn"":true,""hdop"":2.18,""satellites"":4,""adc"":0,""gps_age"":713,""gps_valid"":true}"
427066,2026-07-17T23:15:35.825752,CAR_001,22.3238550,73.1359720,2.18,4,0,716,True,True,False,Testing Zone,NORMAL,,0.06,44,Vehicle outside silence zone.,"{""timestamp"":427066,""car_id"":""CAR_001"",""lat"":22.3238546,""lon"":73.1359719,""horn"":true,""hdop"":2.18,""satellites"":4,""adc"":0,""gps_age"":716,""gps_valid"":true}"
428067,2026-07-17T23:15:36.826642,CAR_001,22.32385200,73.13596900,2.18,4,0,716,True,True,True,Testing Zone,HONK,False,-0.15,45,Honk unjustified inside Testing Zone.,"{""timestamp"":428067,""car_id"":""CAR_001"",""lat"":22.32385213,""lon"":73.13596877,""horn"":true,""hdop"":2.18,""satellites"":4,""adc"":0,""gps_age"":716,""gps_valid"":true}"
429068,2026-07-17T23:15:37.831861,CAR_001,22.32384800,73.1359610,1.54,4,0,723,True,True,True,Testing Zone,HONK,False,-0.45,46,Honk unjustified inside Testing Zone.,"{""timestamp"":429068,""car_id"":""CAR_001"",""lat"":22.32384797,""lon"":73.1359607,""horn"":true,""hdop"":1.54,""satellites"":4,""adc"":0,""gps_age"":723,""gps_valid"":true}"
430069,2026-07-17T23:15:38.829904,CAR_001,22.3238450,73.1359510,1.54,4,0,717,True,True,True,Testing Zone,HONK,False,-0.58,47,Honk unjustified inside Testing Zone.,"{""timestamp"":430069,""car_id"":""CAR_001"",""lat"":22.3238451,""lon"":73.1359514,""horn"":true,""hdop"":1.54,""satellites"":4,""adc"":0,""gps_age"":717,""gps_valid"":true}"
431070,2026-07-17T23:15:39.837926,CAR_001,22.32384300,73.1359410,1.54,4,0,717,True,True,True,Testing Zone,HONK,False,-0.6,48,Honk unjustified inside Testing Zone.,"{""timestamp"":431070,""car_id"":""CAR_001"",""lat"":22.32384303,""lon"":73.1359407,""horn"":true,""hdop"":1.54,""satellites"":4,""adc"":0,""gps_age"":717,""gps_valid"":true}"
432071,2026-07-17T23:15:40.831666,CAR_001,22.32384000,73.13592700,1.54,4,0,719,True,True,True,Testing Zone,HONK,False,-0.66,49,Honk unjustified inside Testing Zone.,"{""timestamp"":432071,""car_id"":""CAR_001"",""lat"":22.32384017,""lon"":73.13592733,""horn"":true,""hdop"":1.54,""satellites"":4,""adc"":0,""gps_age"":719,""gps_valid"":true}"
433072,2026-07-17T23:15:41.831606,CAR_001,22.3238420,73.1359170,1.54,4,0,720,True,True,True,Testing Zone,HONK,False,-0.28,50,Honk unjustified inside Testing Zone.,"{""timestamp"":433072,""car_id"":""CAR_001"",""lat"":22.3238418,""lon"":73.1359172,""horn"":true,""hdop"":1.54,""satellites"":4,""adc"":0,""gps_age"":720,""gps_valid"":true}"
434073,2026-07-17T23:15:42.829643,CAR_001,22.32384700,73.13591200,1.54,4,0,722,True,True,False,Testing Zone,NORMAL,,0.4,51,Vehicle exited Testing Zone.,"{""timestamp"":434073,""car_id"":""CAR_001"",""lat"":22.32384703,""lon"":73.13591167,""horn"":true,""hdop"":1.54,""satellites"":4,""adc"":0,""gps_age"":722,""gps_valid"":true}"
435074,2026-07-17T23:15:43.842242,CAR_001,22.3238510,73.1359060,1.54,4,0,721,True,True,False,Testing Zone,NORMAL,,1.0,52,Vehicle exited Testing Zone.,"{""timestamp"":435074,""car_id"":""CAR_001"",""lat"":22.3238515,""lon"":73.1359057,""horn"":true,""hdop"":1.54,""satellites"":4,""adc"":0,""gps_age"":721,""gps_valid"":true}"
436075,2026-07-17T23:15:44.832068,CAR_001,22.32385600,73.1359010,1.54,4,0,722,True,True,False,Testing Zone,EXIT,,1.62,53,Vehicle exited Testing Zone.,"{""timestamp"":436075,""car_id"":""CAR_001"",""lat"":22.32385637,""lon"":73.1359012,""horn"":true,""hdop"":1.54,""satellites"":4,""adc"":0,""gps_age"":722,""gps_valid"":true}"
437076,2026-07-17T23:15:45.834105,CAR_001,22.32386400,73.1358990,1.54,4,0,724,True,True,False,Testing Zone,NORMAL,,2.5,54,Vehicle outside silence zone.,"{""timestamp"":437076,""car_id"":""CAR_001"",""lat"":22.32386403,""lon"":73.1358988,""horn"":true,""hdop"":1.54,""satellites"":4,""adc"":0,""gps_age"":724,""gps_valid"":true}"
438077,2026-07-17T23:15:46.839154,CAR_001,22.32387000,73.1358940,1.54,4,0,724,True,True,False,Testing Zone,NORMAL,,3.21,55,Vehicle outside silence zone.,"{""timestamp"":438077,""car_id"":""CAR_001"",""lat"":22.32386973,""lon"":73.1358943,""horn"":true,""hdop"":1.54,""satellites"":4,""adc"":0,""gps_age"":724,""gps_valid"":true}"
439078,2026-07-17T23:15:47.835528,CAR_001,22.32387500,73.13589000,1.54,4,0,726,True,True,False,Testing Zone,NORMAL,,3.83,56,Vehicle outside silence zone.,"{""timestamp"":439078,""car_id"":""CAR_001"",""lat"":22.32387477,""lon"":73.13589047,""horn"":true,""hdop"":1.54,""satellites"":4,""adc"":0,""gps_age"":726,""gps_valid"":true}"
443082,2026-07-17T23:15:51.839380,CAR_001,22.32388800,73.13588200,2.48,4,0,731,True,True,False,Testing Zone,NORMAL,,5.46,57,Vehicle outside silence zone.,"{""timestamp"":443082,""car_id"":""CAR_001"",""lat"":22.32388813,""lon"":73.13588163,""horn"":true,""hdop"":2.48,""satellites"":4,""adc"":0,""gps_age"":731,""gps_valid"":true}"
444083,2026-07-17T23:15:52.842074,CAR_001,22.32388600,73.1358800,2.48,4,0,732,True,True,False,Testing Zone,NORMAL,,5.25,58,Vehicle outside silence zone.,"{""timestamp"":444083,""car_id"":""CAR_001"",""lat"":22.32388587,""lon"":73.1358797,""horn"":true,""hdop"":2.48,""satellites"":4,""adc"":0,""gps_age"":732,""gps_valid"":true}"
445084,2026-07-17T23:15:53.842723,CAR_001,22.3238790,73.13588000,2.48,4,0,733,True,True,False,Testing Zone,NORMAL,,4.47,59,Vehicle outside silence zone.,"{""timestamp"":445084,""car_id"":""CAR_001"",""lat"":22.3238787,""lon"":73.13587987,""horn"":true,""hdop"":2.48,""satellites"":4,""adc"":0,""gps_age"":733,""gps_valid"":true}"
446085,2026-07-17T23:15:54.844446,CAR_001,22.32386800,73.1358850,1.54,4,0,733,True,True,False,Testing Zone,NORMAL,,3.14,60,Vehicle outside silence zone.,"{""timestamp"":446085,""car_id"":""CAR_001"",""lat"":22.32386753,""lon"":73.1358854,""horn"":true,""hdop"":1.54,""satellites"":4,""adc"":0,""gps_age"":733,""gps_valid"":true}"
447086,2026-07-17T23:15:55.844240,CAR_001,22.32385500,73.13588800,1.54,4,0,734,True,True,False,Testing Zone,NORMAL,,1.73,61,Vehicle outside silence zone.,"{""timestamp"":447086,""car_id"":""CAR_001"",""lat"":22.32385507,""lon"":73.13588783,""horn"":true,""hdop"":1.54,""satellites"":4,""adc"":0,""gps_age"":734,""gps_valid"":true}"
448087,2026-07-17T23:15:56.845117,CAR_001,22.32384400,73.13588800,1.54,4,0,735,True,True,False,Testing Zone,NORMAL,,0.46,62,Vehicle outside silence zone.,"{""timestamp"":448087,""car_id"":""CAR_001"",""lat"":22.32384353,""lon"":73.13588833,""horn"":true,""hdop"":1.54,""satellites"":4,""adc"":0,""gps_age"":735,""gps_valid"":true}"
449088,2026-07-17T23:15:57.854261,CAR_001,22.3238310,73.13588700,1.54,4,0,736,True,True,True,Testing Zone,HONK,True,-0.86,63,Honk justified inside Testing Zone.,"{""timestamp"":449088,""car_id"":""CAR_001"",""lat"":22.3238312,""lon"":73.13588687,""horn"":true,""hdop"":1.54,""satellites"":4,""adc"":0,""gps_age"":736,""gps_valid"":true}"
450089,2026-07-17T23:15:58.846359,CAR_001,22.323823,73.13588500,1.54,4,0,737,True,True,True,Testing Zone,HONK,True,-1.72,64,Honk justified inside Testing Zone.,"{""timestamp"":450089,""car_id"":""CAR_001"",""lat"":22.323823,""lon"":73.13588547,""horn"":true,""hdop"":1.54,""satellites"":4,""adc"":0,""gps_age"":737,""gps_valid"":true}"
451090,2026-07-17T23:15:59.862971,CAR_001,22.32381700,73.1358800,1.54,4,0,737,True,True,True,Testing Zone,HONK,True,-2.24,65,Honk justified inside Testing Zone.,"{""timestamp"":451090,""car_id"":""CAR_001"",""lat"":22.32381737,""lon"":73.1358801,""horn"":true,""hdop"":1.54,""satellites"":4,""adc"":0,""gps_age"":737,""gps_valid"":true}"
452091,2026-07-17T23:16:00.847846,CAR_001,22.32381400,73.13588000,1.54,4,0,737,True,True,True,Testing Zone,HONK,True,-2.63,66,Honk justified inside Testing Zone.,"{""timestamp"":452091,""car_id"":""CAR_001"",""lat"":22.32381367,""lon"":73.13587983,""horn"":true,""hdop"":1.54,""satellites"":4,""adc"":0,""gps_age"":737,""gps_valid"":true}"
453092,2026-07-17T23:16:01.852922,CAR_001,22.32381000,73.13588300,1.54,4,0,737,True,True,True,Testing Zone,HONK,True,-3.11,67,Honk justified inside Testing Zone.,"{""timestamp"":453092,""car_id"":""CAR_001"",""lat"":22.32380987,""lon"":73.13588287,""horn"":true,""hdop"":1.54,""satellites"":4,""adc"":0,""gps_age"":737,""gps_valid"":true}"
454093,2026-07-17T23:16:02.849811,CAR_001,22.32380900,73.1358890,1.54,4,0,739,True,True,True,Testing Zone,HONK,True,-3.31,68,Honk justified inside Testing Zone.,"{""timestamp"":454093,""car_id"":""CAR_001"",""lat"":22.32380907,""lon"":73.1358889,""horn"":true,""hdop"":1.54,""satellites"":4,""adc"":0,""gps_age"":739,""gps_valid"":true}"
455094,2026-07-17T23:16:03.850662,CAR_001,22.32380700,73.13589200,1.54,4,0,741,True,True,True,Testing Zone,HONK,True,-3.61,69,Honk justified inside Testing Zone.,"{""timestamp"":455094,""car_id"":""CAR_001"",""lat"":22.32380693,""lon"":73.13589247,""horn"":true,""hdop"":1.54,""satellites"":4,""adc"":0,""gps_age"":741,""gps_valid"":true}"
456095,2026-07-17T23:16:04.856016,CAR_001,22.3238060,73.13589400,1.54,4,0,742,True,True,True,Testing Zone,HONK,True,-3.77,70,Honk justified inside Testing Zone.,"{""timestamp"":456095,""car_id"":""CAR_001"",""lat"":22.3238058,""lon"":73.13589407,""horn"":true,""hdop"":1.54,""satellites"":4,""adc"":0,""gps_age"":742,""gps_valid"":true}"
457096,2026-07-17T23:16:05.855790,CAR_001,22.3238060,73.13589200,1.54,4,0,743,True,True,True,Testing Zone,HONK,True,-3.67,71,Honk justified inside Testing Zone.,"{""timestamp"":457096,""car_id"":""CAR_001"",""lat"":22.3238063,""lon"":73.13589163,""horn"":true,""hdop"":1.54,""satellites"":4,""adc"":0,""gps_age"":743,""gps_valid"":true}"
458097,2026-07-17T23:16:06.858251,CAR_001,22.32380800,73.1358850,1.54,4,0,741,True,True,True,Testing Zone,HONK,True,-3.4,72,Honk justified inside Testing Zone.,"{""timestamp"":458097,""car_id"":""CAR_001"",""lat"":22.32380757,""lon"":73.1358851,""horn"":true,""hdop"":1.54,""satellites"":4,""adc"":0,""gps_age"":741,""gps_valid"":true}"
471110,2026-07-17T23:16:19.876118,CAR_001,22.32382800,73.13584500,2.18,4,0,755,True,True,True,Testing Zone,HONK,False,-0.35,73,Honk unjustified inside Testing Zone.,"{""timestamp"":471110,""car_id"":""CAR_001"",""lat"":22.32382837,""lon"":73.13584453,""horn"":true,""hdop"":2.18,""satellites"":4,""adc"":0,""gps_age"":755,""gps_valid"":true}"
472111,2026-07-17T23:16:20.867731,CAR_001,22.32382700,73.1358460,2.18,4,0,755,True,True,True,Testing Zone,HONK,False,-0.56,74,Honk unjustified inside Testing Zone.,"{""timestamp"":472111,""car_id"":""CAR_001"",""lat"":22.32382667,""lon"":73.1358459,""horn"":true,""hdop"":2.18,""satellites"":4,""adc"":0,""gps_age"":755,""gps_valid"":true}"
473112,2026-07-17T23:16:21.866972,CAR_001,22.32382300,73.13584800,2.18,4,0,756,True,True,True,Testing Zone,HONK,False,-1.02,75,Honk unjustified inside Testing Zone.,"{""timestamp"":473112,""car_id"":""CAR_001"",""lat"":22.32382283,""lon"":73.13584813,""horn"":true,""hdop"":2.18,""satellites"":4,""adc"":0,""gps_age"":756,""gps_valid"":true}"
474113,2026-07-17T23:16:22.871473,CAR_001,22.3238180,73.1358530,1.54,4,0,753,True,True,True,Testing Zone,HONK,False,-1.71,76,Honk unjustified inside Testing Zone.,"{""timestamp"":474113,""car_id"":""CAR_001"",""lat"":22.3238175,""lon"":73.1358534,""horn"":true,""hdop"":1.54,""satellites"":4,""adc"":0,""gps_age"":753,""gps_valid"":true}"
475114,2026-07-17T23:16:23.870572,CAR_001,22.3238110,73.13585700,1.54,4,0,753,True,True,True,Testing Zone,HONK,True,-2.51,77,Honk justified inside Testing Zone.,"{""timestamp"":475114,""car_id"":""CAR_001"",""lat"":22.3238108,""lon"":73.13585727,""horn"":true,""hdop"":1.54,""satellites"":4,""adc"":0,""gps_age"":753,""gps_valid"":true}"
476115,2026-07-17T23:16:24.872083,CAR_001,22.32380500,73.13586000,1.54,4,0,759,True,True,True,Testing Zone,HONK,True,-3.2,78,Honk justified inside Testing Zone.,"{""timestamp"":476115,""car_id"":""CAR_001"",""lat"":22.32380503,""lon"":73.13586043,""horn"":true,""hdop"":1.54,""satellites"":4,""adc"":0,""gps_age"":759,""gps_valid"":true}"
477116,2026-07-17T23:16:25.871766,CAR_001,22.32380000,73.13586200,1.54,4,0,758,True,True,True,Testing Zone,HONK,False,-3.77,79,Honk unjustified inside Testing Zone.,"{""timestamp"":477116,""car_id"":""CAR_001"",""lat"":22.32380017,""lon"":73.13586233,""horn"":true,""hdop"":1.54,""satellites"":4,""adc"":0,""gps_age"":758,""gps_valid"":true}"
478117,2026-07-17T23:16:26.890357,CAR_001,22.32379700,73.13586300,1.54,4,0,762,True,True,True,Testing Zone,HONK,False,-4.14,80,Honk unjustified inside Testing Zone.,"{""timestamp"":478117,""car_id"":""CAR_001"",""lat"":22.32379693,""lon"":73.13586313,""horn"":true,""hdop"":1.54,""satellites"":4,""adc"":0,""gps_age"":762,""gps_valid"":true}"
479118,2026-07-17T23:16:27.873253,CAR_001,22.3237940,73.13586000,1.54,4,0,762,True,True,True,Testing Zone,HONK,False,-4.4,81,Honk unjustified inside Testing Zone.,"{""timestamp"":479118,""car_id"":""CAR_001"",""lat"":22.3237941,""lon"":73.13586037,""horn"":true,""hdop"":1.54,""satellites"":4,""adc"":0,""gps_age"":762,""gps_valid"":true}"
480119,2026-07-17T23:16:28.877218,CAR_001,22.32379400,73.13585900,1.54,4,0,764,True,True,True,Testing Zone,HONK,False,-4.4,82,Honk unjustified inside Testing Zone.,"{""timestamp"":480119,""car_id"":""CAR_001"",""lat"":22.32379383,""lon"":73.13585873,""horn"":true,""hdop"":1.54,""satellites"":4,""adc"":0,""gps_age"":764,""gps_valid"":true}"
481120,2026-07-17T23:16:29.874733,CAR_001,22.32379400,73.13585700,1.54,4,0,765,True,True,True,Testing Zone,HONK,False,-4.37,83,Honk unjustified inside Testing Zone.,"{""timestamp"":481120,""car_id"":""CAR_001"",""lat"":22.32379383,""lon"":73.13585747,""horn"":true,""hdop"":1.54,""satellites"":4,""adc"":0,""gps_age"":765,""gps_valid"":true}"
482121,2026-07-17T23:16:30.876472,CAR_001,22.3237940,73.13585600,1.54,4,0,765,True,True,True,Testing Zone,HONK,False,-4.3,84,Honk unjustified inside Testing Zone.,"{""timestamp"":482121,""car_id"":""CAR_001"",""lat"":22.3237942,""lon"":73.13585583,""horn"":true,""hdop"":1.54,""satellites"":4,""adc"":0,""gps_age"":765,""gps_valid"":true}"
483122,2026-07-17T23:16:31.875776,CAR_001,22.32379700,73.13585400,1.54,4,0,766,True,True,True,Testing Zone,HONK,False,-4.0,85,Honk unjustified inside Testing Zone.,"{""timestamp"":483122,""car_id"":""CAR_001"",""lat"":22.32379653,""lon"":73.13585367,""horn"":true,""hdop"":1.54,""satellites"":4,""adc"":0,""gps_age"":766,""gps_valid"":true}"
484123,2026-07-17T23:16:32.880188,CAR_001,22.32379900,73.1358510,1.54,4,0,769,True,True,True,Testing Zone,HONK,False,-3.64,86,Honk unjustified inside Testing Zone.,"{""timestamp"":484123,""car_id"":""CAR_001"",""lat"":22.32379947,""lon"":73.1358513,""horn"":true,""hdop"":1.54,""satellites"":4,""adc"":0,""gps_age"":769,""gps_valid"":true}"
485124,2026-07-17T23:16:33.881639,CAR_001,22.32379800,73.13584800,1.54,4,0,769,True,True,True,Testing Zone,HONK,True,-3.7,87,Honk justified inside Testing Zone.,"{""timestamp"":485124,""car_id"":""CAR_001"",""lat"":22.32379827,""lon"":73.13584793,""horn"":true,""hdop"":1.54,""satellites"":4,""adc"":0,""gps_age"":769,""gps_valid"":true}"
486125,2026-07-17T23:16:34.882291,CAR_001,22.3237970,73.13584600,1.54,4,0,771,True,True,True,Testing Zone,HONK,True,-3.76,88,Honk justified inside Testing Zone.,"{""timestamp"":486125,""car_id"":""CAR_001"",""lat"":22.3237974,""lon"":73.13584587,""horn"":true,""hdop"":1.54,""satellites"":4,""adc"":0,""gps_age"":771,""gps_valid"":true}"
487126,2026-07-17T23:16:35.889063,CAR_001,22.32379700,73.13584700,1.54,4,0,771,True,True,True,Testing Zone,HONK,False,-3.85,89,Honk unjustified inside Testing Zone.,"{""timestamp"":487126,""car_id"":""CAR_001"",""lat"":22.32379683,""lon"":73.13584717,""horn"":true,""hdop"":1.54,""satellites"":4,""adc"":0,""gps_age"":771,""gps_valid"":true}"
488127,2026-07-17T23:16:36.883096,CAR_001,22.3237950,73.13585100,1.54,4,0,775,True,True,True,Testing Zone,HONK,False,-4.07,90,Honk unjustified inside Testing Zone.,"{""timestamp"":488127,""car_id"":""CAR_001"",""lat"":22.3237954,""lon"":73.13585093,""horn"":true,""hdop"":1.54,""satellites"":4,""adc"":0,""gps_age"":775,""gps_valid"":true}"
489128,2026-07-17T23:16:37.885038,CAR_001,22.3237950,73.13585800,1.54,4,0,773,True,True,True,Testing Zone,HONK,False,-4.23,91,Honk unjustified inside Testing Zone.,"{""timestamp"":489128,""car_id"":""CAR_001"",""lat"":22.3237953,""lon"":73.13585833,""horn"":true,""hdop"":1.54,""satellites"":4,""adc"":0,""gps_age"":773,""gps_valid"":true}"
490129,2026-07-17T23:16:38.900529,CAR_001,22.3238010,73.13587000,1.54,4,0,777,True,True,True,Testing Zone,HONK,False,-3.85,92,Honk unjustified inside Testing Zone.,"{""timestamp"":490129,""car_id"":""CAR_001"",""lat"":22.3238007,""lon"":73.13586957,""horn"":true,""hdop"":1.54,""satellites"":4,""adc"":0,""gps_age"":777,""gps_valid"":true}"
491130,2026-07-17T23:16:39.891560,CAR_001,22.3238070,73.13588200,1.54,4,0,778,True,True,True,Testing Zone,HONK,False,-3.42,93,Honk unjustified inside Testing Zone.,"{""timestamp"":491130,""car_id"":""CAR_001"",""lat"":22.3238068,""lon"":73.13588183,""horn"":true,""hdop"":1.54,""satellites"":4,""adc"":0,""gps_age"":778,""gps_valid"":true}"
492131,2026-07-17T23:16:40.885862,CAR_001,22.32381200,73.13589400,1.54,4,0,778,True,True,True,Testing Zone,HONK,False,-3.08,94,Honk unjustified inside Testing Zone.,"{""timestamp"":492131,""car_id"":""CAR_001"",""lat"":22.32381207,""lon"":73.13589383,""horn"":true,""hdop"":1.54,""satellites"":4,""adc"":0,""gps_age"":778,""gps_valid"":true}"
493132,2026-07-17T23:16:41.892313,CAR_001,22.3238170,73.1359050,1.54,4,0,778,True,True,True,Testing Zone,HONK,False,-2.79,95,Honk unjustified inside Testing Zone.,"{""timestamp"":493132,""car_id"":""CAR_001"",""lat"":22.3238166,""lon"":73.1359047,""horn"":true,""hdop"":1.54,""satellites"":4,""adc"":0,""gps_age"":778,""gps_valid"":true}"
494133,2026-07-17T23:16:42.887990,CAR_001,22.32382100,73.1359160,1.54,4,0,779,True,True,True,Testing Zone,HONK,False,-2.53,96,Honk unjustified inside Testing Zone.,"{""timestamp"":494133,""car_id"":""CAR_001"",""lat"":22.32382103,""lon"":73.1359159,""horn"":true,""hdop"":1.54,""satellites"":4,""adc"":0,""gps_age"":779,""gps_valid"":true}"
495134,2026-07-17T23:16:43.889023,CAR_001,22.32382300,73.13592600,1.54,4,0,778,True,True,True,Testing Zone,HONK,False,-2.47,97,Honk unjustified inside Testing Zone.,"{""timestamp"":495134,""car_id"":""CAR_001"",""lat"":22.32382337,""lon"":73.13592617,""horn"":true,""hdop"":1.54,""satellites"":4,""adc"":0,""gps_age"":778,""gps_valid"":true}"
496135,2026-07-17T23:16:44.894665,CAR_001,22.3238270,73.13593600,1.54,4,0,780,True,True,True,Testing Zone,HONK,False,-2.23,98,Honk unjustified inside Testing Zone.,"{""timestamp"":496135,""car_id"":""CAR_001"",""lat"":22.3238272,""lon"":73.13593573,""horn"":true,""hdop"":1.54,""satellites"":4,""adc"":0,""gps_age"":780,""gps_valid"":true}"
497136,2026-07-17T23:16:45.890769,CAR_001,22.32383200,73.13594500,1.54,4,0,780,True,True,True,Testing Zone,HONK,False,-1.9,99,Honk unjustified inside Testing Zone.,"{""timestamp"":497136,""car_id"":""CAR_001"",""lat"":22.32383187,""lon"":73.13594497,""horn"":true,""hdop"":1.54,""satellites"":4,""adc"":0,""gps_age"":780,""gps_valid"":true}"
498137,2026-07-17T23:16:46.891090,CAR_001,22.32383600,73.13595600,1.54,4,0,778,True,True,True,Testing Zone,HONK,False,-1.69,100,Honk unjustified inside Testing Zone.,"{""timestamp"":498137,""car_id"":""CAR_001"",""lat"":22.32383587,""lon"":73.13595647,""horn"":true,""hdop"":1.54,""satellites"":4,""adc"":0,""gps_age"":778,""gps_valid"":true}"
499138,2026-07-17T23:16:47.896633,CAR_001,22.32383900,73.13596700,1.54,4,0,781,True,True,True,Testing Zone,HONK,False,-1.5,101,Honk unjustified inside Testing Zone.,"{""timestamp"":499138,""car_id"":""CAR_001"",""lat"":22.32383947,""lon"":73.13596707,""horn"":true,""hdop"":1.54,""satellites"":4,""adc"":0,""gps_age"":781,""gps_valid"":true}"
500139,2026-07-17T23:16:48.899169,CAR_001,22.3238430,73.1359770,1.54,4,0,780,True,True,True,Testing Zone,HONK,False,-1.28,102,Honk unjustified inside Testing Zone.,"{""timestamp"":500139,""car_id"":""CAR_001"",""lat"":22.3238432,""lon"":73.1359769,""horn"":true,""hdop"":1.54,""satellites"":4,""adc"":0,""gps_age"":780,""gps_valid"":true}"
501140,2026-07-17T23:16:49.896036,CAR_001,22.32384500,73.13598700,1.54,4,0,781,True,True,True,Testing Zone,HONK,False,-1.26,103,Honk unjustified inside Testing Zone.,"{""timestamp"":501140,""car_id"":""CAR_001"",""lat"":22.32384517,""lon"":73.13598693,""horn"":true,""hdop"":1.54,""satellites"":4,""adc"":0,""gps_age"":781,""gps_valid"":true}"
502141,2026-07-17T23:16:50.897553,CAR_001,22.3238480,73.1359970,1.54,4,0,786,True,True,True,Testing Zone,HONK,False,-1.15,104,Honk unjustified inside Testing Zone.,"{""timestamp"":502141,""car_id"":""CAR_001"",""lat"":22.3238479,""lon"":73.1359967,""horn"":true,""hdop"":1.54,""satellites"":4,""adc"":0,""gps_age"":786,""gps_valid"":true}"
503142,2026-07-17T23:16:51.895969,CAR_001,22.32385200,73.136002,1.54,4,0,785,True,True,True,Testing Zone,HONK,False,-0.82,105,Honk unjustified inside Testing Zone.,"{""timestamp"":503142,""car_id"":""CAR_001"",""lat"":22.32385183,""lon"":73.136002,""horn"":true,""hdop"":1.54,""satellites"":4,""adc"":0,""gps_age"":785,""gps_valid"":true}"
504143,2026-07-17T23:16:52.897430,CAR_001,22.32385500,73.13600600,1.54,4,0,787,True,True,True,Testing Zone,HONK,False,-0.5,106,Honk unjustified inside Testing Zone.,"{""timestamp"":504143,""car_id"":""CAR_001"",""lat"":22.32385543,""lon"":73.13600583,""horn"":true,""hdop"":1.54,""satellites"":4,""adc"":0,""gps_age"":787,""gps_valid"":true}"
505144,2026-07-17T23:16:53.898436,CAR_001,22.32385900,73.1360090,1.54,4,0,789,True,True,True,Testing Zone,HONK,False,-0.12,107,Honk unjustified inside Testing Zone.,"{""timestamp"":505144,""car_id"":""CAR_001"",""lat"":22.32385947,""lon"":73.1360092,""horn"":true,""hdop"":1.54,""satellites"":4,""adc"":0,""gps_age"":789,""gps_valid"":true}"
506145,2026-07-17T23:16:54.901463,CAR_001,22.3238630,73.1360130,1.54,4,0,790,True,True,False,Testing Zone,NORMAL,,0.21,108,Vehicle exited Testing Zone.,"{""timestamp"":506145,""car_id"":""CAR_001"",""lat"":22.3238631,""lon"":73.1360125,""horn"":true,""hdop"":1.54,""satellites"":4,""adc"":0,""gps_age"":790,""gps_valid"":true}"
507146,2026-07-17T23:16:55.900112,CAR_001,22.32386500,73.1360150,1.54,4,0,802,True,True,False,Testing Zone,NORMAL,,0.33,109,Vehicle exited Testing Zone.,"{""timestamp"":507146,""car_id"":""CAR_001"",""lat"":22.32386453,""lon"":73.1360145,""horn"":true,""hdop"":1.54,""satellites"":4,""adc"":0,""gps_age"":802,""gps_valid"":true}"
508147,2026-07-17T23:16:56.903473,CAR_001,22.3238650,73.13601700,1.54,4,0,794,True,True,False,Testing Zone,EXIT,,0.37,110,Vehicle exited Testing Zone.,"{""timestamp"":508147,""car_id"":""CAR_001"",""lat"":22.3238654,""lon"":73.13601707,""horn"":true,""hdop"":1.54,""satellites"":4,""adc"":0,""gps_age"":794,""gps_valid"":true}"
509148,2026-07-17T23:16:57.913675,CAR_001,22.32386400,73.13601800,1.54,4,0,795,True,True,False,Testing Zone,NORMAL,,0.23,111,Vehicle outside silence zone.,"{""timestamp"":509148,""car_id"":""CAR_001"",""lat"":22.32386427,""lon"":73.13601803,""horn"":true,""hdop"":1.54,""satellites"":4,""adc"":0,""gps_age"":795,""gps_valid"":true}"
510149,2026-07-17T23:16:58.915454,CAR_001,22.3238630,73.13601800,1.54,4,0,797,True,True,False,Testing Zone,NORMAL,,0.11,112,Vehicle outside silence zone.,"{""timestamp"":510149,""car_id"":""CAR_001"",""lat"":22.3238631,""lon"":73.13601757,""horn"":true,""hdop"":1.54,""satellites"":4,""adc"":0,""gps_age"":797,""gps_valid"":true}"
511150,2026-07-17T23:16:59.904015,CAR_001,22.32386100,73.1360130,1.54,4,0,796,True,True,False,Testing Zone,NORMAL,,0.0,113,Vehicle outside silence zone.,"{""timestamp"":511150,""car_id"":""CAR_001"",""lat"":22.32386127,""lon"":73.1360129,""horn"":true,""hdop"":1.54,""satellites"":4,""adc"":0,""gps_age"":796,""gps_valid"":true}"
512151,2026-07-17T23:17:00.906857,CAR_001,22.32385900,73.13600500,1.54,4,0,798,True,True,True,Testing Zone,HONK,True,-0.11,114,Honk justified inside Testing Zone.,"{""timestamp"":512151,""car_id"":""CAR_001"",""lat"":22.32385883,""lon"":73.13600473,""horn"":true,""hdop"":1.54,""satellites"":4,""adc"":0,""gps_age"":798,""gps_valid"":true}"
513152,2026-07-17T23:17:01.908141,CAR_001,22.32385900,73.1359970,1.54,4,0,800,True,True,False,Testing Zone,NORMAL,,0.08,115,Vehicle outside silence zone.,"{""timestamp"":513152,""car_id"":""CAR_001"",""lat"":22.32385917,""lon"":73.1359971,""horn"":true,""hdop"":1.54,""satellites"":4,""adc"":0,""gps_age"":800,""gps_valid"":true}"
527166,2026-07-17T23:17:15.919191,CAR_001,22.3238740,73.13598000,2.18,4,0,812,True,True,False,Testing Zone,NORMAL,,2.01,116,Vehicle outside silence zone.,"{""timestamp"":527166,""car_id"":""CAR_001"",""lat"":22.3238739,""lon"":73.13598037,""horn"":true,""hdop"":2.18,""satellites"":4,""adc"":0,""gps_age"":812,""gps_valid"":true}"
528167,2026-07-17T23:17:16.921414,CAR_001,22.3238620,73.13598200,2.18,4,0,814,True,True,False,Testing Zone,NORMAL,,0.72,117,Vehicle outside silence zone.,"{""timestamp"":528167,""car_id"":""CAR_001"",""lat"":22.3238624,""lon"":73.13598183,""horn"":true,""hdop"":2.18,""satellites"":4,""adc"":0,""gps_age"":814,""gps_valid"":true}"
529168,2026-07-17T23:17:17.923556,CAR_001,22.32385100,73.13598000,2.18,4,0,814,True,True,True,Testing Zone,HONK,False,-0.51,118,Honk unjustified inside Testing Zone.,"{""timestamp"":529168,""car_id"":""CAR_001"",""lat"":22.32385083,""lon"":73.13598023,""horn"":true,""hdop"":2.18,""satellites"":4,""adc"":0,""gps_age"":814,""gps_valid"":true}"
530169,2026-07-17T23:17:18.922819,CAR_001,22.32384200,73.13597900,2.18,4,0,814,True,True,True,Testing Zone,HONK,False,-1.41,119,Honk unjustified inside Testing Zone.,"{""timestamp"":530169,""car_id"":""CAR_001"",""lat"":22.32384233,""lon"":73.13597863,""horn"":true,""hdop"":2.18,""satellites"":4,""adc"":0,""gps_age"":814,""gps_valid"":true}"
531170,2026-07-17T23:17:19.924374,CAR_001,22.32383600,73.13598000,2.18,4,0,814,True,True,True,Testing Zone,HONK,False,-2.07,120,Honk unjustified inside Testing Zone.,"{""timestamp"":531170,""car_id"":""CAR_001"",""lat"":22.32383643,""lon"":73.13597953,""horn"":true,""hdop"":2.18,""satellites"":4,""adc"":0,""gps_age"":814,""gps_valid"":true}"
532171,2026-07-17T23:17:20.924882,CAR_001,22.32383200,73.13598000,1.54,4,0,814,True,True,True,Testing Zone,HONK,False,-2.58,121,Honk unjustified inside Testing Zone.,"{""timestamp"":532171,""car_id"":""CAR_001"",""lat"":22.32383187,""lon"":73.13598003,""horn"":true,""hdop"":1.54,""satellites"":4,""adc"":0,""gps_age"":814,""gps_valid"":true}"
533172,2026-07-17T23:17:21.945589,CAR_001,22.32382900,73.135982,1.54,4,0,815,True,True,True,Testing Zone,HONK,False,-2.9,122,Honk unjustified inside Testing Zone.,"{""timestamp"":533172,""car_id"":""CAR_001"",""lat"":22.32382927,""lon"":73.135982,""horn"":true,""hdop"":1.54,""satellites"":4,""adc"":0,""gps_age"":815,""gps_valid"":true}"
534173,2026-07-17T23:17:22.927923,CAR_001,22.32382900,73.13598400,1.54,4,0,818,True,True,True,Testing Zone,HONK,False,-2.95,123,Honk unjustified inside Testing Zone.,"{""timestamp"":534173,""car_id"":""CAR_001"",""lat"":22.32382917,""lon"":73.13598427,""horn"":true,""hdop"":1.54,""satellites"":4,""adc"":0,""gps_age"":818,""gps_valid"":true}"
535174,2026-07-17T23:17:23.927006,CAR_001,22.32383000,73.13598600,1.54,4,0,831,True,True,True,Testing Zone,HONK,False,-2.9,124,Honk unjustified inside Testing Zone.,"{""timestamp"":535174,""car_id"":""CAR_001"",""lat"":22.32383007,""lon"":73.13598643,""horn"":true,""hdop"":1.54,""satellites"":4,""adc"":0,""gps_age"":831,""gps_valid"":true}"
536175,2026-07-17T23:17:24.929910,CAR_001,22.32383300,73.13598700,1.54,4,0,819,True,True,True,Testing Zone,HONK,False,-2.6,125,Honk unjustified inside Testing Zone.,"{""timestamp"":536175,""car_id"":""CAR_001"",""lat"":22.32383297,""lon"":73.13598733,""horn"":true,""hdop"":1.54,""satellites"":4,""adc"":0,""gps_age"":819,""gps_valid"":true}"
537176,2026-07-17T23:17:25.930257,CAR_001,22.32383900,73.13598900,1.54,4,0,831,True,True,True,Testing Zone,HONK,False,-1.99,126,Honk unjustified inside Testing Zone.,"{""timestamp"":537176,""car_id"":""CAR_001"",""lat"":22.32383877,""lon"":73.13598857,""horn"":true,""hdop"":1.54,""satellites"":4,""adc"":0,""gps_age"":831,""gps_valid"":true}"
538177,2026-07-17T23:17:26.934424,CAR_001,22.32384400,73.1359860,1.54,4,0,833,True,True,True,Testing Zone,HONK,False,-1.32,127,Honk unjustified inside Testing Zone.,"{""timestamp"":538177,""car_id"":""CAR_001"",""lat"":22.32384447,""lon"":73.1359862,""horn"":true,""hdop"":1.54,""satellites"":4,""adc"":0,""gps_age"":833,""gps_valid"":true}"
539178,2026-07-17T23:17:27.930740,CAR_001,22.32384900,73.13598400,1.54,4,0,821,True,True,True,Testing Zone,HONK,False,-0.81,128,Honk unjustified inside Testing Zone.,"{""timestamp"":539178,""car_id"":""CAR_001"",""lat"":22.32384873,""lon"":73.13598363,""horn"":true,""hdop"":1.54,""satellites"":4,""adc"":0,""gps_age"":821,""gps_valid"":true}"
540179,2026-07-17T23:17:28.933969,CAR_001,22.32384900,73.1359790,1.54,4,0,823,True,True,True,Testing Zone,HONK,False,-0.66,129,Honk unjustified inside Testing Zone.,"{""timestamp"":540179,""car_id"":""CAR_001"",""lat"":22.32384927,""lon"":73.1359791,""horn"":true,""hdop"":1.54,""satellites"":4,""adc"":0,""gps_age"":823,""gps_valid"":true}"
541180,2026-07-17T23:17:29.933917,CAR_001,22.3238490,73.1359720,1.54,4,0,824,True,True,True,Testing Zone,HONK,False,-0.53,130,Honk unjustified inside Testing Zone.,"{""timestamp"":541180,""car_id"":""CAR_001"",""lat"":22.3238491,""lon"":73.1359717,""horn"":true,""hdop"":1.54,""satellites"":4,""adc"":0,""gps_age"":824,""gps_valid"":true}"
542181,2026-07-17T23:17:30.935202,CAR_001,22.3238460,73.1359630,1.54,4,0,823,True,True,True,Testing Zone,HONK,True,-0.64,131,Honk justified inside Testing Zone.,"{""timestamp"":542181,""car_id"":""CAR_001"",""lat"":22.3238465,""lon"":73.1359625,""horn"":true,""hdop"":1.54,""satellites"":4,""adc"":0,""gps_age"":823,""gps_valid"":true}"
543182,2026-07-17T23:17:31.934901,CAR_001,22.32384200,73.13595600,1.3,5,0,818,True,True,True,Testing Zone,HONK,True,-1.0,132,Honk justified inside Testing Zone.,"{""timestamp"":543182,""car_id"":""CAR_001"",""lat"":22.32384213,""lon"":73.13595633,""horn"":true,""hdop"":1.3,""satellites"":5,""adc"":0,""gps_age"":818,""gps_valid"":true}"
544183,2026-07-17T23:17:32.942832,CAR_001,22.32383600,73.1359530,1.3,5,0,822,True,True,True,Testing Zone,HONK,True,-1.59,133,Honk justified inside Testing Zone.,"{""timestamp"":544183,""car_id"":""CAR_001"",""lat"":22.32383613,""lon"":73.1359527,""horn"":true,""hdop"":1.3,""satellites"":5,""adc"":0,""gps_age"":822,""gps_valid"":true}"
545184,2026-07-17T23:17:33.935133,CAR_001,22.32383000,73.1359520,1.3,5,0,824,True,True,True,Testing Zone,HONK,True,-2.22,134,Honk justified inside Testing Zone.,"{""timestamp"":545184,""car_id"":""CAR_001"",""lat"":22.32383027,""lon"":73.1359523,""horn"":true,""hdop"":1.3,""satellites"":5,""adc"":0,""gps_age"":824,""gps_valid"":true}"
546185,2026-07-17T23:17:34.941192,CAR_001,22.32382300,73.1359550,1.3,5,0,837,True,True,True,Testing Zone,HONK,True,-3.09,135,Honk justified inside Testing Zone.,"{""timestamp"":546185,""car_id"":""CAR_001"",""lat"":22.32382277,""lon"":73.1359552,""horn"":true,""hdop"":1.3,""satellites"":5,""adc"":0,""gps_age"":837,""gps_valid"":true}"
547186,2026-07-17T23:17:35.938595,CAR_001,22.32381500,73.1359600,1.3,5,0,825,True,True,True,Testing Zone,HONK,True,-3.99,136,Honk justified inside Testing Zone.,"{""timestamp"":547186,""car_id"":""CAR_001"",""lat"":22.32381547,""lon"":73.1359602,""horn"":true,""hdop"":1.3,""satellites"":5,""adc"":0,""gps_age"":825,""gps_valid"":true}"
548187,2026-07-17T23:17:36.944737,CAR_001,22.32380800,73.135963,1.3,5,0,827,True,True,True,Testing Zone,HONK,True,-4.89,137,Honk justified inside Testing Zone.,"{""timestamp"":548187,""car_id"":""CAR_001"",""lat"":22.32380767,""lon"":73.135963,""horn"":true,""hdop"":1.3,""satellites"":5,""adc"":0,""gps_age"":827,""gps_valid"":true}"
549188,2026-07-17T23:17:37.939397,CAR_001,22.3238010,73.13596400,1.3,5,0,830,True,True,True,Testing Zone,HONK,True,-5.59,138,Honk justified inside Testing Zone.,"{""timestamp"":549188,""car_id"":""CAR_001"",""lat"":22.3238015,""lon"":73.13596413,""horn"":true,""hdop"":1.3,""satellites"":5,""adc"":0,""gps_age"":830,""gps_valid"":true}"
550189,2026-07-17T23:17:38.942550,CAR_001,22.3237970,73.13596400,1.3,5,0,831,True,True,True,Testing Zone,HONK,True,-6.11,139,Honk justified inside Testing Zone.,"{""timestamp"":550189,""car_id"":""CAR_001"",""lat"":22.3237967,""lon"":73.13596403,""horn"":true,""hdop"":1.3,""satellites"":5,""adc"":0,""gps_age"":831,""gps_valid"":true}"
551190,2026-07-17T23:17:39.942947,CAR_001,22.32378900,73.1359620,1.3,5,0,831,True,True,True,Testing Zone,HONK,True,-6.97,140,Honk justified inside Testing Zone.,"{""timestamp"":551190,""car_id"":""CAR_001"",""lat"":22.32378857,""lon"":73.1359623,""horn"":true,""hdop"":1.3,""satellites"":5,""adc"":0,""gps_age"":831,""gps_valid"":true}"
552191,2026-07-17T23:17:40.942829,CAR_001,22.3237820,73.13596000,1.3,5,0,830,True,True,True,Testing Zone,HONK,True,-7.67,141,Honk justified inside Testing Zone.,"{""timestamp"":552191,""car_id"":""CAR_001"",""lat"":22.3237817,""lon"":73.13595973,""horn"":true,""hdop"":1.3,""satellites"":5,""adc"":0,""gps_age"":830,""gps_valid"":true}"
553192,2026-07-17T23:17:41.945053,CAR_001,22.3237760,73.13595800,1.3,5,0,828,True,True,True,Testing Zone,HONK,True,-8.27,142,Honk justified inside Testing Zone.,"{""timestamp"":553192,""car_id"":""CAR_001"",""lat"":22.3237758,""lon"":73.13595783,""horn"":true,""hdop"":1.3,""satellites"":5,""adc"":0,""gps_age"":828,""gps_valid"":true}"
554193,2026-07-17T23:17:42.945533,CAR_001,22.32377000,73.13595500,1.3,5,0,832,True,True,True,Testing Zone,HONK,True,-7.83,143,Honk justified inside Testing Zone.,"{""timestamp"":554193,""car_id"":""CAR_001"",""lat"":22.32376963,""lon"":73.13595533,""horn"":true,""hdop"":1.3,""satellites"":5,""adc"":0,""gps_age"":832,""gps_valid"":true}"
555194,2026-07-17T23:17:43.946923,CAR_001,22.32375900,73.1359530,1.3,5,0,832,True,True,True,Testing Zone,HONK,True,-6.73,144,Honk justified inside Testing Zone.,"{""timestamp"":555194,""car_id"":""CAR_001"",""lat"":22.32375903,""lon"":73.1359525,""horn"":true,""hdop"":1.3,""satellites"":5,""adc"":0,""gps_age"":832,""gps_valid"":true}"
556195,2026-07-17T23:17:44.947183,CAR_001,22.32375100,73.1359500,1.3,5,0,835,True,True,True,Testing Zone,HONK,True,-5.93,145,Honk justified inside Testing Zone.,"{""timestamp"":556195,""car_id"":""CAR_001"",""lat"":22.32375113,""lon"":73.1359497,""horn"":true,""hdop"":1.3,""satellites"":5,""adc"":0,""gps_age"":835,""gps_valid"":true}"
557196,2026-07-17T23:17:45.953811,CAR_001,22.32374300,73.1359440,1.3,5,0,837,True,True,True,Testing Zone,HONK,True,-5.14,146,Honk justified inside Testing Zone.,"{""timestamp"":557196,""car_id"":""CAR_001"",""lat"":22.32374267,""lon"":73.1359436,""horn"":true,""hdop"":1.3,""satellites"":5,""adc"":0,""gps_age"":837,""gps_valid"":true}"
558197,2026-07-17T23:17:46.953530,CAR_001,22.3237340,73.13593700,1.3,5,0,836,True,True,True,Testing Zone,HONK,True,-4.3,147,Honk justified inside Testing Zone.,"{""timestamp"":558197,""car_id"":""CAR_001"",""lat"":22.3237336,""lon"":73.13593673,""horn"":true,""hdop"":1.3,""satellites"":5,""adc"":0,""gps_age"":836,""gps_valid"":true}"
559198,2026-07-17T23:17:47.949543,CAR_001,22.32372600,73.13592900,1.3,5,0,837,True,True,True,Testing Zone,HONK,True,-3.62,148,Honk justified inside Testing Zone.,"{""timestamp"":559198,""car_id"":""CAR_001"",""lat"":22.32372583,""lon"":73.13592883,""horn"":true,""hdop"":1.3,""satellites"":5,""adc"":0,""gps_age"":837,""gps_valid"":true}"
560199,2026-07-17T23:17:48.952653,CAR_001,22.32372300,73.13592100,1.3,5,0,838,True,True,True,Testing Zone,HONK,True,-3.49,149,Honk justified inside Testing Zone.,"{""timestamp"":560199,""car_id"":""CAR_001"",""lat"":22.32372303,""lon"":73.13592053,""horn"":true,""hdop"":1.3,""satellites"":5,""adc"":0,""gps_age"":838,""gps_valid"":true}"
561200,2026-07-17T23:17:49.951616,CAR_001,22.32372200,73.1359120,1.3,5,0,836,True,True,True,Testing Zone,HONK,True,-3.6,150,Honk justified inside Testing Zone.,"{""timestamp"":561200,""car_id"":""CAR_001"",""lat"":22.32372243,""lon"":73.1359124,""horn"":true,""hdop"":1.3,""satellites"":5,""adc"":0,""gps_age"":836,""gps_valid"":true}"
562201,2026-07-17T23:17:50.954497,CAR_001,22.32372300,73.13590800,1.3,5,0,840,True,True,True,Testing Zone,HONK,True,-3.8,151,Honk justified inside Testing Zone.,"{""timestamp"":562201,""car_id"":""CAR_001"",""lat"":22.32372343,""lon"":73.13590827,""horn"":true,""hdop"":1.3,""satellites"":5,""adc"":0,""gps_age"":840,""gps_valid"":true}"
563202,2026-07-17T23:17:51.957918,CAR_001,22.32372500,73.13590500,1.3,5,0,842,True,True,True,Testing Zone,HONK,True,-4.07,152,Honk justified inside Testing Zone.,"{""timestamp"":563202,""car_id"":""CAR_001"",""lat"":22.32372523,""lon"":73.13590463,""horn"":true,""hdop"":1.3,""satellites"":5,""adc"":0,""gps_age"":842,""gps_valid"":true}"
564203,2026-07-17T23:17:52.955600,CAR_001,22.32372500,73.13590300,1.3,5,0,842,True,True,True,Testing Zone,HONK,True,-4.1,153,Honk justified inside Testing Zone.,"{""timestamp"":564203,""car_id"":""CAR_001"",""lat"":22.32372513,""lon"":73.13590283,""horn"":true,""hdop"":1.3,""satellites"":5,""adc"":0,""gps_age"":842,""gps_valid"":true}"
565204,2026-07-17T23:17:53.955248,CAR_001,22.3237220,73.13590100,1.3,5,0,845,True,True,True,Testing Zone,HONK,True,-3.83,154,Honk justified inside Testing Zone.,"{""timestamp"":565204,""car_id"":""CAR_001"",""lat"":22.3237223,""lon"":73.13590103,""horn"":true,""hdop"":1.3,""satellites"":5,""adc"":0,""gps_age"":845,""gps_valid"":true}"
566205,2026-07-17T23:17:54.957085,CAR_001,22.323719,73.1358990,1.3,5,0,846,True,True,True,Testing Zone,HONK,True,-3.51,155,Honk justified inside Testing Zone.,"{""timestamp"":566205,""car_id"":""CAR_001"",""lat"":22.323719,""lon"":73.1358991,""horn"":true,""hdop"":1.3,""satellites"":5,""adc"":0,""gps_age"":846,""gps_valid"":true}"
567206,2026-07-17T23:17:55.959222,CAR_001,22.3237130,73.13589700,1.3,5,0,844,True,True,True,Testing Zone,HONK,True,-2.93,156,Honk justified inside Testing Zone.,"{""timestamp"":567206,""car_id"":""CAR_001"",""lat"":22.3237134,""lon"":73.13589737,""horn"":true,""hdop"":1.3,""satellites"":5,""adc"":0,""gps_age"":844,""gps_valid"":true}"
568207,2026-07-17T23:17:56.960118,CAR_001,22.32370800,73.13589500,1.3,5,0,846,True,True,True,Testing Zone,HONK,True,-2.43,157,Honk justified inside Testing Zone.,"{""timestamp"":568207,""car_id"":""CAR_001"",""lat"":22.32370837,""lon"":73.13589527,""horn"":true,""hdop"":1.3,""satellites"":5,""adc"":0,""gps_age"":846,""gps_valid"":true}"
569208,2026-07-17T23:17:57.961633,CAR_001,22.32371100,73.13589200,1.3,5,0,847,True,True,True,Testing Zone,HONK,True,-2.75,158,Honk justified inside Testing Zone.,"{""timestamp"":569208,""car_id"":""CAR_001"",""lat"":22.32371063,""lon"":73.13589193,""horn"":true,""hdop"":1.3,""satellites"":5,""adc"":0,""gps_age"":847,""gps_valid"":true}"
570209,2026-07-17T23:17:58.960266,CAR_001,22.32371600,73.13588900,1.3,5,0,848,True,True,True,Testing Zone,HONK,True,-3.36,159,Honk justified inside Testing Zone.,"{""timestamp"":570209,""car_id"":""CAR_001"",""lat"":22.32371563,""lon"":73.13588877,""horn"":true,""hdop"":1.3,""satellites"":5,""adc"":0,""gps_age"":848,""gps_valid"":true}"
571210,2026-07-17T23:17:59.961066,CAR_001,22.32372100,73.135887,1.3,5,0,849,True,True,True,Testing Zone,HONK,True,-3.96,160,Honk justified inside Testing Zone.,"{""timestamp"":571210,""car_id"":""CAR_001"",""lat"":22.32372077,""lon"":73.135887,""horn"":true,""hdop"":1.3,""satellites"":5,""adc"":0,""gps_age"":849,""gps_valid"":true}"
572211,2026-07-17T23:18:00.961646,CAR_001,22.32372700,73.13588500,1.3,5,0,855,True,True,True,Testing Zone,HONK,True,-4.68,161,Honk justified inside Testing Zone.,"{""timestamp"":572211,""car_id"":""CAR_001"",""lat"":22.32372703,""lon"":73.13588503,""horn"":true,""hdop"":1.3,""satellites"":5,""adc"":0,""gps_age"":855,""gps_valid"":true}"
573212,2026-07-17T23:18:01.970696,CAR_001,22.3237330,73.13588300,1.25,6,0,849,True,True,True,Testing Zone,HONK,True,-5.39,162,Honk justified inside Testing Zone.,"{""timestamp"":573212,""car_id"":""CAR_001"",""lat"":22.3237332,""lon"":73.13588317,""horn"":true,""hdop"":1.25,""satellites"":6,""adc"":0,""gps_age"":849,""gps_valid"":true}"
574213,2026-07-17T23:18:02.966796,CAR_001,22.32373500,73.1358810,1.25,6,0,853,True,True,True,Testing Zone,HONK,True,-5.66,163,Honk justified inside Testing Zone.,"{""timestamp"":574213,""car_id"":""CAR_001"",""lat"":22.32373533,""lon"":73.1358815,""horn"":true,""hdop"":1.25,""satellites"":6,""adc"":0,""gps_age"":853,""gps_valid"":true}"
575214,2026-07-17T23:18:03.965319,CAR_001,22.32374200,73.13588000,1.25,6,0,850,True,True,True,Testing Zone,HONK,True,-6.46,164,Honk justified inside Testing Zone.,"{""timestamp"":575214,""car_id"":""CAR_001"",""lat"":22.32374233,""lon"":73.13587973,""horn"":true,""hdop"":1.25,""satellites"":6,""adc"":0,""gps_age"":850,""gps_valid"":true}"
576215,2026-07-17T23:18:04.968813,CAR_001,22.3237500,73.13587700,1.25,6,0,853,True,True,True,Testing Zone,HONK,True,-7.34,165,Honk justified inside Testing Zone.,"{""timestamp"":576215,""car_id"":""CAR_001"",""lat"":22.3237498,""lon"":73.13587653,""horn"":true,""hdop"":1.25,""satellites"":6,""adc"":0,""gps_age"":853,""gps_valid"":true}"
577216,2026-07-17T23:18:05.967983,CAR_001,22.32375500,73.1358740,3.11,5,0,857,True,True,True,Testing Zone,HONK,True,-8.01,166,Honk justified inside Testing Zone.,"{""timestamp"":577216,""car_id"":""CAR_001"",""lat"":22.32375547,""lon"":73.1358738,""horn"":true,""hdop"":3.11,""satellites"":5,""adc"":0,""gps_age"":857,""gps_valid"":true}"
578217,2026-07-17T23:18:06.972365,CAR_001,22.32376100,73.1358720,3.11,5,0,857,True,True,True,Testing Zone,HONK,True,-8.19,167,Honk justified inside Testing Zone.,"{""timestamp"":578217,""car_id"":""CAR_001"",""lat"":22.32376147,""lon"":73.1358723,""horn"":true,""hdop"":3.11,""satellites"":5,""adc"":0,""gps_age"":857,""gps_valid"":true}"
579218,2026-07-17T23:18:07.968762,CAR_001,22.3237650,73.13587300,3.11,5,0,859,True,True,True,Testing Zone,HONK,True,-7.86,168,Honk justified inside Testing Zone.,"{""timestamp"":579218,""car_id"":""CAR_001"",""lat"":22.3237647,""lon"":73.13587327,""horn"":true,""hdop"":3.11,""satellites"":5,""adc"":0,""gps_age"":859,""gps_valid"":true}"
580219,2026-07-17T23:18:08.973643,CAR_001,22.3237620,73.13587500,3.11,5,0,859,True,True,True,Testing Zone,HONK,True,-8.15,169,Honk justified inside Testing Zone.,"{""timestamp"":580219,""car_id"":""CAR_001"",""lat"":22.3237623,""lon"":73.13587483,""horn"":true,""hdop"":3.11,""satellites"":5,""adc"":0,""gps_age"":859,""gps_valid"":true}"
581220,2026-07-17T23:18:09.971134,CAR_001,22.3237580,73.13587700,3.11,6,0,859,True,True,True,Testing Zone,HONK,True,-8.2,170,Honk justified inside Testing Zone.,"{""timestamp"":581220,""car_id"":""CAR_001"",""lat"":22.3237578,""lon"":73.13587707,""horn"":true,""hdop"":3.11,""satellites"":6,""adc"":0,""gps_age"":859,""gps_valid"":true}"
582221,2026-07-17T23:18:10.973601,CAR_001,22.3237540,73.13587900,3.11,6,0,871,True,True,True,Testing Zone,HONK,True,-7.73,171,Honk justified inside Testing Zone.,"{""timestamp"":582221,""car_id"":""CAR_001"",""lat"":22.3237539,""lon"":73.13587887,""horn"":true,""hdop"":3.11,""satellites"":6,""adc"":0,""gps_age"":871,""gps_valid"":true}"
583223,2026-07-17T23:18:11.972873,CAR_001,22.32374800,73.13587900,3.11,6,0,874,True,True,True,Testing Zone,HONK,True,-7.09,172,Honk justified inside Testing Zone.,"{""timestamp"":583223,""car_id"":""CAR_001"",""lat"":22.32374807,""lon"":73.13587943,""horn"":true,""hdop"":3.11,""satellites"":6,""adc"":0,""gps_age"":874,""gps_valid"":true}"
584223,2026-07-17T23:18:12.976059,CAR_001,22.32374200,73.1358790,3.11,6,0,874,True,True,True,Testing Zone,HONK,True,-6.43,173,Honk justified inside Testing Zone.,"{""timestamp"":584223,""car_id"":""CAR_001"",""lat"":22.32374193,""lon"":73.1358788,""horn"":true,""hdop"":3.11,""satellites"":6,""adc"":0,""gps_age"":874,""gps_valid"":true}"
585224,2026-07-17T23:18:13.976407,CAR_001,22.3237350,73.1358790,3.11,6,0,859,True,True,True,Testing Zone,HONK,True,-5.63,174,Honk justified inside Testing Zone.,"{""timestamp"":585224,""car_id"":""CAR_001"",""lat"":22.3237346,""lon"":73.1358791,""horn"":true,""hdop"":3.11,""satellites"":6,""adc"":0,""gps_age"":859,""gps_valid"":true}"
586225,2026-07-17T23:18:14.979107,CAR_001,22.32372900,73.13588,1.25,6,0,865,True,True,True,Testing Zone,HONK,True,-5.0,175,Honk justified inside Testing Zone.,"{""timestamp"":586225,""car_id"":""CAR_001"",""lat"":22.32372903,""lon"":73.13588,""horn"":true,""hdop"":1.25,""satellites"":6,""adc"":0,""gps_age"":865,""gps_valid"":true}"
587226,2026-07-17T23:18:15.976115,CAR_001,22.32372500,73.13588100,1.25,6,0,866,True,True,True,Testing Zone,HONK,True,-4.5,176,Honk justified inside Testing Zone.,"{""timestamp"":587226,""car_id"":""CAR_001"",""lat"":22.32372463,""lon"":73.13588123,""horn"":true,""hdop"":1.25,""satellites"":6,""adc"":0,""gps_age"":866,""gps_valid"":true}"
588227,2026-07-17T23:18:16.979146,CAR_001,22.3237210,73.13588200,1.25,6,0,867,True,True,True,Testing Zone,HONK,True,-4.05,177,Honk justified inside Testing Zone.,"{""timestamp"":588227,""car_id"":""CAR_001"",""lat"":22.3237207,""lon"":73.13588227,""horn"":true,""hdop"":1.25,""satellites"":6,""adc"":0,""gps_age"":867,""gps_valid"":true}"
589228,2026-07-17T23:18:17.981297,CAR_001,22.32371500,73.13588500,1.25,6,0,866,True,True,True,Testing Zone,HONK,True,-3.39,178,Honk justified inside Testing Zone.,"{""timestamp"":589228,""car_id"":""CAR_001"",""lat"":22.32371513,""lon"":73.13588477,""horn"":true,""hdop"":1.25,""satellites"":6,""adc"":0,""gps_age"":866,""gps_valid"":true}"
590229,2026-07-17T23:18:18.980073,CAR_001,22.3237120,73.13588600,1.25,6,0,866,True,True,True,Testing Zone,HONK,True,-3.0,179,Honk justified inside Testing Zone.,"{""timestamp"":590229,""car_id"":""CAR_001"",""lat"":22.3237119,""lon"":73.13588637,""horn"":true,""hdop"":1.25,""satellites"":6,""adc"":0,""gps_age"":866,""gps_valid"":true}"
591230,2026-07-17T23:18:19.980303,CAR_001,22.3237120,73.13588700,1.25,6,0,862,True,True,True,Testing Zone,HONK,True,-2.94,180,Honk justified inside Testing Zone.,"{""timestamp"":591230,""car_id"":""CAR_001"",""lat"":22.3237115,""lon"":73.13588743,""horn"":true,""hdop"":1.25,""satellites"":6,""adc"":0,""gps_age"":862,""gps_valid"":true}"
592231,2026-07-17T23:18:20.983454,CAR_001,22.32371500,73.13588700,1.25,6,0,866,True,True,True,Testing Zone,HONK,True,-3.31,181,Honk justified inside Testing Zone.,"{""timestamp"":592231,""car_id"":""CAR_001"",""lat"":22.32371483,""lon"":73.13588687,""horn"":true,""hdop"":1.25,""satellites"":6,""adc"":0,""gps_age"":866,""gps_valid"":true}"
593232,2026-07-17T23:18:21.980369,CAR_001,22.3237220,73.13588700,1.25,6,0,868,True,True,True,Testing Zone,HONK,True,-4.1,182,Honk justified inside Testing Zone.,"{""timestamp"":593232,""car_id"":""CAR_001"",""lat"":22.3237221,""lon"":73.13588687,""horn"":true,""hdop"":1.25,""satellites"":6,""adc"":0,""gps_age"":868,""gps_valid"":true}"
594233,2026-07-17T23:18:22.982999,CAR_001,22.32373600,73.13588600,1.25,6,0,866,True,True,True,Testing Zone,HONK,True,-5.67,183,Honk justified inside Testing Zone.,"{""timestamp"":594233,""car_id"":""CAR_001"",""lat"":22.32373637,""lon"":73.13588607,""horn"":true,""hdop"":1.25,""satellites"":6,""adc"":0,""gps_age"":866,""gps_valid"":true}"
595234,2026-07-17T23:18:23.988314,CAR_001,22.32375600,73.1358900,1.25,6,0,869,True,True,True,Testing Zone,HONK,True,-7.69,184,Honk justified inside Testing Zone.,"{""timestamp"":595234,""car_id"":""CAR_001"",""lat"":22.32375567,""lon"":73.1358898,""horn"":true,""hdop"":1.25,""satellites"":6,""adc"":0,""gps_age"":869,""gps_valid"":true}"
596235,2026-07-17T23:18:24.988202,CAR_001,22.32377100,73.135895,1.25,6,0,869,True,True,True,Testing Zone,HONK,True,-7.61,185,Honk justified inside Testing Zone.,"{""timestamp"":596235,""car_id"":""CAR_001"",""lat"":22.32377077,""lon"":73.135895,""horn"":true,""hdop"":1.25,""satellites"":6,""adc"":0,""gps_age"":869,""gps_valid"":true}"
597236,2026-07-17T23:18:25.986666,CAR_001,22.3237840,73.1359030,1.25,6,0,870,True,True,True,Testing Zone,HONK,True,-6.33,186,Honk justified inside Testing Zone.,"{""timestamp"":597236,""car_id"":""CAR_001"",""lat"":22.3237839,""lon"":73.1359026,""horn"":true,""hdop"":1.25,""satellites"":6,""adc"":0,""gps_age"":870,""gps_valid"":true}"
598237,2026-07-17T23:18:26.991413,CAR_001,22.32379600,73.13591200,1.25,6,0,875,True,True,True,Testing Zone,HONK,False,-5.17,187,Honk unjustified inside Testing Zone.,"{""timestamp"":598237,""car_id"":""CAR_001"",""lat"":22.32379603,""lon"":73.13591163,""horn"":true,""hdop"":1.25,""satellites"":6,""adc"":0,""gps_age"":875,""gps_valid"":true}"
599238,2026-07-17T23:18:27.990204,CAR_001,22.32380400,73.13592300,1.25,6,0,876,True,True,True,Testing Zone,HONK,True,-4.55,188,Honk justified inside Testing Zone.,"{""timestamp"":599238,""car_id"":""CAR_001"",""lat"":22.32380373,""lon"":73.13592273,""horn"":true,""hdop"":1.25,""satellites"":6,""adc"":0,""gps_age"":876,""gps_valid"":true}"
600239,2026-07-17T23:18:28.990903,CAR_001,22.32380700,73.13593000,1.25,6,0,878,True,True,True,Testing Zone,HONK,True,-4.39,189,Honk justified inside Testing Zone.,"{""timestamp"":600239,""car_id"":""CAR_001"",""lat"":22.32380653,""lon"":73.13593027,""horn"":true,""hdop"":1.25,""satellites"":6,""adc"":0,""gps_age"":878,""gps_valid"":true}"
601240,2026-07-17T23:18:29.989694,CAR_001,22.3238110,73.1359370,1.25,6,0,877,True,True,True,Testing Zone,HONK,False,-4.02,190,Honk unjustified inside Testing Zone.,"{""timestamp"":601240,""car_id"":""CAR_001"",""lat"":22.3238112,""lon"":73.1359375,""horn"":true,""hdop"":1.25,""satellites"":6,""adc"":0,""gps_age"":877,""gps_valid"":true}"
602241,2026-07-17T23:18:30.992817,CAR_001,22.323815,73.13594400,1.25,6,0,879,True,True,True,Testing Zone,HONK,False,-3.73,191,Honk unjustified inside Testing Zone.,"{""timestamp"":602241,""car_id"":""CAR_001"",""lat"":22.323815,""lon"":73.13594433,""horn"":true,""hdop"":1.25,""satellites"":6,""adc"":0,""gps_age"":879,""gps_valid"":true}"
603242,2026-07-17T23:18:31.991726,CAR_001,22.32381600,73.13595100,1.25,6,0,876,True,True,True,Testing Zone,HONK,False,-3.73,192,Honk unjustified inside Testing Zone.,"{""timestamp"":603242,""car_id"":""CAR_001"",""lat"":22.32381623,""lon"":73.13595103,""horn"":true,""hdop"":1.25,""satellites"":6,""adc"":0,""gps_age"":876,""gps_valid"":true}"
604243,2026-07-17T23:18:32.995871,CAR_001,22.32381700,73.13595700,1.25,6,0,876,True,True,True,Testing Zone,HONK,False,-3.75,193,Honk unjustified inside Testing Zone.,"{""timestamp"":604243,""car_id"":""CAR_001"",""lat"":22.32381707,""lon"":73.13595717,""horn"":true,""hdop"":1.25,""satellites"":6,""adc"":0,""gps_age"":876,""gps_valid"":true}"
605244,2026-07-17T23:18:33.994918,CAR_001,22.3238150,73.13596500,1.25,6,0,881,True,True,True,Testing Zone,HONK,False,-4.16,194,Honk unjustified inside Testing Zone.,"{""timestamp"":605244,""car_id"":""CAR_001"",""lat"":22.3238147,""lon"":73.13596473,""horn"":true,""hdop"":1.25,""satellites"":6,""adc"":0,""gps_age"":881,""gps_valid"":true}"
606245,2026-07-17T23:18:34.995967,CAR_001,22.32381200,73.13597300,1.25,6,0,879,True,True,True,Testing Zone,HONK,False,-4.61,195,Honk unjustified inside Testing Zone.,"{""timestamp"":606245,""car_id"":""CAR_001"",""lat"":22.32381197,""lon"":73.13597267,""horn"":true,""hdop"":1.25,""satellites"":6,""adc"":0,""gps_age"":879,""gps_valid"":true}"
607246,2026-07-17T23:18:35.997299,CAR_001,22.3238070,73.135981,1.25,6,0,879,True,True,True,Testing Zone,HONK,False,-5.3,196,Honk unjustified inside Testing Zone.,"{""timestamp"":607246,""car_id"":""CAR_001"",""lat"":22.3238071,""lon"":73.135981,""horn"":true,""hdop"":1.25,""satellites"":6,""adc"":0,""gps_age"":879,""gps_valid"":true}"
608247,2026-07-17T23:18:36.996355,CAR_001,22.32380300,73.13599000,1.25,6,0,878,True,True,True,Testing Zone,HONK,False,-5.95,197,Honk unjustified inside Testing Zone.,"{""timestamp"":608247,""car_id"":""CAR_001"",""lat"":22.32380267,""lon"":73.13598953,""horn"":true,""hdop"":1.25,""satellites"":6,""adc"":0,""gps_age"":878,""gps_valid"":true}"
609248,2026-07-17T23:18:37.999419,CAR_001,22.32380200,73.13599900,1.25,6,0,883,True,True,True,Testing Zone,HONK,False,-6.19,198,Honk unjustified inside Testing Zone.,"{""timestamp"":609248,""car_id"":""CAR_001"",""lat"":22.32380213,""lon"":73.13599893,""horn"":true,""hdop"":1.25,""satellites"":6,""adc"":0,""gps_age"":883,""gps_valid"":true}"
610249,2026-07-17T23:18:38.998081,CAR_001,22.3238050,73.1360090,1.25,6,0,883,True,True,True,Testing Zone,HONK,False,-6.02,199,Honk unjustified inside Testing Zone.,"{""timestamp"":610249,""car_id"":""CAR_001"",""lat"":22.3238054,""lon"":73.1360085,""horn"":true,""hdop"":1.25,""satellites"":6,""adc"":0,""gps_age"":883,""gps_valid"":true}"
611250,2026-07-17T23:18:40.002379,CAR_001,22.3238090,73.13602000,1.25,6,0,885,True,True,True,Testing Zone,HONK,False,-5.81,200,Honk unjustified inside Testing Zone.,"{""timestamp"":611250,""car_id"":""CAR_001"",""lat"":22.3238093,""lon"":73.13601967,""horn"":true,""hdop"":1.25,""satellites"":6,""adc"":0,""gps_age"":885,""gps_valid"":true}"
612251,2026-07-17T23:18:40.999786,CAR_001,22.32381400,73.13603100,1.25,6,0,888,True,True,True,Testing Zone,HONK,False,-5.48,201,Honk unjustified inside Testing Zone.,"{""timestamp"":612251,""car_id"":""CAR_001"",""lat"":22.32381427,""lon"":73.13603117,""horn"":true,""hdop"":1.25,""satellites"":6,""adc"":0,""gps_age"":888,""gps_valid"":true}"
613252,2026-07-17T23:18:42.006621,CAR_001,22.32382000,73.13604300,1.25,6,0,889,True,True,True,Testing Zone,HONK,False,-5.05,202,Honk unjustified inside Testing Zone.,"{""timestamp"":613252,""car_id"":""CAR_001"",""lat"":22.32382033,""lon"":73.13604277,""horn"":true,""hdop"":1.25,""satellites"":6,""adc"":0,""gps_age"":889,""gps_valid"":true}"
614253,2026-07-17T23:18:43.002081,CAR_001,22.32382300,73.13605600,1.25,6,0,887,True,True,True,Testing Zone,HONK,False,-4.98,203,Honk unjustified inside Testing Zone.,"{""timestamp"":614253,""car_id"":""CAR_001"",""lat"":22.32382333,""lon"":73.13605613,""horn"":true,""hdop"":1.25,""satellites"":6,""adc"":0,""gps_age"":887,""gps_valid"":true}"
615254,2026-07-17T23:18:44.003182,CAR_001,22.3238260,73.1360710,1.25,6,0,886,True,True,True,Testing Zone,HONK,False,-3.86,204,Honk unjustified inside Testing Zone.,"{""timestamp"":615254,""car_id"":""CAR_001"",""lat"":22.3238264,""lon"":73.1360707,""horn"":true,""hdop"":1.25,""satellites"":6,""adc"":0,""gps_age"":886,""gps_valid"":true}"
616255,2026-07-17T23:18:45.005807,CAR_001,22.32383200,73.1360850,1.25,6,0,889,True,True,True,Testing Zone,HONK,False,-2.31,205,Honk unjustified inside Testing Zone.,"{""timestamp"":616255,""car_id"":""CAR_001"",""lat"":22.32383157,""lon"":73.1360847,""horn"":true,""hdop"":1.25,""satellites"":6,""adc"":0,""gps_age"":889,""gps_valid"":true}"
617256,2026-07-17T23:18:46.004778,CAR_001,22.32383700,73.13609800,1.25,6,0,889,True,True,True,Testing Zone,HONK,False,-0.87,206,Honk unjustified inside Testing Zone.,"{""timestamp"":617256,""car_id"":""CAR_001"",""lat"":22.32383667,""lon"":73.13609757,""horn"":true,""hdop"":1.25,""satellites"":6,""adc"":0,""gps_age"":889,""gps_valid"":true}"
618257,2026-07-17T23:18:47.005888,CAR_001,22.32384100,73.1361050,1.25,6,0,13,True,True,False,Testing Zone,NORMAL,,0.03,207,Vehicle exited Testing Zone.,"{""timestamp"":618257,""car_id"":""CAR_001"",""lat"":22.32384103,""lon"":73.1361052,""horn"":true,""hdop"":1.25,""satellites"":6,""adc"":0,""gps_age"":13,""gps_valid"":true}"
619258,2026-07-17T23:18:48.007053,CAR_001,22.32384500,73.13610600,3.13,5,0,15,True,True,False,Testing Zone,NORMAL,,0.23,208,Vehicle exited Testing Zone.,"{""timestamp"":619258,""car_id"":""CAR_001"",""lat"":22.32384527,""lon"":73.13610553,""horn"":true,""hdop"":3.13,""satellites"":5,""adc"":0,""gps_age"":15,""gps_valid"":true}"
620259,2026-07-17T23:18:49.012727,CAR_001,22.3238470,73.13610100,3.13,5,0,16,True,True,True,Testing Zone,HONK,False,-0.14,209,Honk unjustified inside Testing Zone.,"{""timestamp"":620259,""car_id"":""CAR_001"",""lat"":22.3238471,""lon"":73.13610097,""horn"":true,""hdop"":3.13,""satellites"":5,""adc"":0,""gps_age"":16,""gps_valid"":true}"
621260,2026-07-17T23:18:50.009902,CAR_001,22.3238440,73.1360950,4.53,4,0,20,True,True,True,Testing Zone,HONK,False,-0.85,210,Honk unjustified inside Testing Zone.,"{""timestamp"":621260,""car_id"":""CAR_001"",""lat"":22.3238445,""lon"":73.1360946,""horn"":true,""hdop"":4.53,""satellites"":4,""adc"":0,""gps_age"":20,""gps_valid"":true}"
622261,2026-07-17T23:18:51.017280,CAR_001,22.32384000,73.13608900,4.53,4,0,21,True,True,True,Testing Zone,HONK,False,-1.57,211,Honk unjustified inside Testing Zone.,"{""timestamp"":622261,""car_id"":""CAR_001"",""lat"":22.32384023,""lon"":73.13608883,""horn"":true,""hdop"":4.53,""satellites"":4,""adc"":0,""gps_age"":21,""gps_valid"":true}"
623262,2026-07-17T23:18:52.009420,CAR_001,22.32383400,73.13608800,4.53,4,0,16,True,True,True,Testing Zone,HONK,False,-1.89,212,Honk unjustified inside Testing Zone.,"{""timestamp"":623262,""car_id"":""CAR_001"",""lat"":22.32383423,""lon"":73.13608797,""horn"":true,""hdop"":4.53,""satellites"":4,""adc"":0,""gps_age"":16,""gps_valid"":true}"
624263,2026-07-17T23:18:53.011684,CAR_001,22.32382600,73.13609000,3.7,5,0,16,True,True,True,Testing Zone,HONK,False,-2.02,213,Honk unjustified inside Testing Zone.,"{""timestamp"":624263,""car_id"":""CAR_001"",""lat"":22.32382587,""lon"":73.13609003,""horn"":true,""hdop"":3.7,""satellites"":5,""adc"":0,""gps_age"":16,""gps_valid"":true}"
625264,2026-07-17T23:18:54.012754,CAR_001,22.3238170,73.1360930,3.71,6,0,19,True,True,True,Testing Zone,HONK,False,-2.09,214,Honk unjustified inside Testing Zone.,"{""timestamp"":625264,""car_id"":""CAR_001"",""lat"":22.3238166,""lon"":73.1360931,""horn"":true,""hdop"":3.71,""satellites"":6,""adc"":0,""gps_age"":19,""gps_valid"":true}"
626265,2026-07-17T23:18:55.015032,CAR_001,22.32380600,73.1360960,3.71,6,0,20,True,True,True,Testing Zone,HONK,False,-2.21,215,Honk unjustified inside Testing Zone.,"{""timestamp"":626265,""car_id"":""CAR_001"",""lat"":22.32380623,""lon"":73.1360961,""horn"":true,""hdop"":3.71,""satellites"":6,""adc"":0,""gps_age"":20,""gps_valid"":true}"
627266,2026-07-17T23:18:56.016515,CAR_001,22.3237940,73.13609900,3.71,6,0,21,True,True,True,Testing Zone,HONK,False,-2.4,216,Honk unjustified inside Testing Zone.,"{""timestamp"":627266,""car_id"":""CAR_001"",""lat"":22.3237944,""lon"":73.13609897,""horn"":true,""hdop"":3.71,""satellites"":6,""adc"":0,""gps_age"":21,""gps_valid"":true}"
628267,2026-07-17T23:18:57.017114,CAR_001,22.3237830,73.13610200,3.71,6,0,22,True,True,True,Testing Zone,HONK,False,-2.58,217,Honk unjustified inside Testing Zone.,"{""timestamp"":628267,""car_id"":""CAR_001"",""lat"":22.3237827,""lon"":73.13610187,""horn"":true,""hdop"":3.71,""satellites"":6,""adc"":0,""gps_age"":22,""gps_valid"":true}"
629268,2026-07-17T23:18:58.019063,CAR_001,22.3237730,73.13610600,1.25,6,0,21,True,True,True,Testing Zone,HONK,False,-2.56,218,Honk unjustified inside Testing Zone.,"{""timestamp"":629268,""car_id"":""CAR_001"",""lat"":22.3237733,""lon"":73.13610583,""horn"":true,""hdop"":1.25,""satellites"":6,""adc"":0,""gps_age"":21,""gps_valid"":true}"
630269,2026-07-17T23:18:59.021588,CAR_001,22.32376500,73.13611300,1.25,6,0,22,True,True,True,Testing Zone,HONK,False,-2.25,219,Honk unjustified inside Testing Zone.,"{""timestamp"":630269,""car_id"":""CAR_001"",""lat"":22.32376483,""lon"":73.13611257,""horn"":true,""hdop"":1.25,""satellites"":6,""adc"":0,""gps_age"":22,""gps_valid"":true}"
631270,2026-07-17T23:19:00.019155,CAR_001,22.32376100,73.13612000,1.25,6,0,22,True,True,True,Testing Zone,HONK,False,-1.64,220,Honk unjustified inside Testing Zone.,"{""timestamp"":631270,""car_id"":""CAR_001"",""lat"":22.32376137,""lon"":73.13612027,""horn"":true,""hdop"":1.25,""satellites"":6,""adc"":0,""gps_age"":22,""gps_valid"":true}"
632271,2026-07-17T23:19:01.020650,CAR_001,22.32376300,73.13612700,1.25,6,0,23,True,True,True,Testing Zone,HONK,False,-0.9,221,Honk unjustified inside Testing Zone.,"{""timestamp"":632271,""car_id"":""CAR_001"",""lat"":22.32376277,""lon"":73.13612737,""horn"":true,""hdop"":1.25,""satellites"":6,""adc"":0,""gps_age"":23,""gps_valid"":true}"
633272,2026-07-17T23:19:02.022073,CAR_001,22.32376700,73.13613200,1.25,6,0,26,True,True,True,Testing Zone,HONK,False,-0.28,222,Honk unjustified inside Testing Zone.,"{""timestamp"":633272,""car_id"":""CAR_001"",""lat"":22.32376677,""lon"":73.13613227,""horn"":true,""hdop"":1.25,""satellites"":6,""adc"":0,""gps_age"":26,""gps_valid"":true}"
634273,2026-07-17T23:19:03.022388,CAR_001,22.323774,73.1361350,1.25,6,0,28,True,True,False,Testing Zone,NORMAL,,0.23,223,Vehicle exited Testing Zone.,"{""timestamp"":634273,""car_id"":""CAR_001"",""lat"":22.323774,""lon"":73.1361346,""horn"":true,""hdop"":1.25,""satellites"":6,""adc"":0,""gps_age"":28,""gps_valid"":true}"
635274,2026-07-17T23:19:04.026666,CAR_001,22.32378400,73.1361350,1.25,6,0,29,True,True,False,Testing Zone,NORMAL,,0.72,224,Vehicle exited Testing Zone.,"{""timestamp"":635274,""car_id"":""CAR_001"",""lat"":22.32378443,""lon"":73.1361354,""horn"":true,""hdop"":1.25,""satellites"":6,""adc"":0,""gps_age"":29,""gps_valid"":true}"
636275,2026-07-17T23:19:05.025049,CAR_001,22.32379300,73.13613300,1.25,6,0,30,True,True,False,Testing Zone,EXIT,,0.81,225,Vehicle exited Testing Zone.,"{""timestamp"":636275,""car_id"":""CAR_001"",""lat"":22.32379303,""lon"":73.13613283,""horn"":true,""hdop"":1.25,""satellites"":6,""adc"":0,""gps_age"":30,""gps_valid"":true}"
637276,2026-07-17T23:19:06.028629,CAR_001,22.32380100,73.13612900,1.25,6,0,30,True,True,False,Testing Zone,NORMAL,,0.77,226,Vehicle outside silence zone.,"{""timestamp"":637276,""car_id"":""CAR_001"",""lat"":22.32380117,""lon"":73.13612907,""horn"":true,""hdop"":1.25,""satellites"":6,""adc"":0,""gps_age"":30,""gps_valid"":true}"
638277,2026-07-17T23:19:07.025268,CAR_001,22.32380900,73.1361260,3.74,5,0,31,True,True,False,Testing Zone,NORMAL,,0.74,227,Vehicle outside silence zone.,"{""timestamp"":638277,""car_id"":""CAR_001"",""lat"":22.32380877,""lon"":73.1361257,""horn"":true,""hdop"":3.74,""satellites"":5,""adc"":0,""gps_age"":31,""gps_valid"":true}"
639278,2026-07-17T23:19:08.034670,CAR_001,22.32381200,73.1361230,3.74,5,0,30,True,True,False,Testing Zone,NORMAL,,0.58,228,Vehicle outside silence zone.,"{""timestamp"":639278,""car_id"":""CAR_001"",""lat"":22.32381177,""lon"":73.1361228,""horn"":true,""hdop"":3.74,""satellites"":5,""adc"":0,""gps_age"":30,""gps_valid"":true}"
640279,2026-07-17T23:19:09.049132,CAR_001,22.32381500,73.13611900,1.25,6,0,32,True,True,False,Testing Zone,NORMAL,,0.38,229,Vehicle outside silence zone.,"{""timestamp"":640279,""car_id"":""CAR_001"",""lat"":22.32381547,""lon"":73.13611927,""horn"":true,""hdop"":1.25,""satellites"":6,""adc"":0,""gps_age"":32,""gps_valid"":true}"
641280,2026-07-17T23:19:10.031190,CAR_001,22.3238190,73.13611800,1.25,6,0,31,True,True,False,Testing Zone,NORMAL,,0.45,230,Vehicle outside silence zone.,"{""timestamp"":641280,""car_id"":""CAR_001"",""lat"":22.3238192,""lon"":73.13611843,""horn"":true,""hdop"":1.25,""satellites"":6,""adc"":0,""gps_age"":31,""gps_valid"":true}"
642281,2026-07-17T23:19:11.034749,CAR_001,22.32382200,73.13611800,1.25,6,0,31,True,True,False,Testing Zone,NORMAL,,0.52,231,Vehicle outside silence zone.,"{""timestamp"":642281,""car_id"":""CAR_001"",""lat"":22.32382213,""lon"":73.13611797,""horn"":true,""hdop"":1.25,""satellites"":6,""adc"":0,""gps_age"":31,""gps_valid"":true}"
643282,2026-07-17T23:19:12.032035,CAR_001,22.32382500,73.13611600,1.25,6,0,34,True,True,False,Testing Zone,NORMAL,,0.48,232,Vehicle outside silence zone.,"{""timestamp"":643282,""car_id"":""CAR_001"",""lat"":22.32382513,""lon"":73.13611633,""horn"":true,""hdop"":1.25,""satellites"":6,""adc"":0,""gps_age"":34,""gps_valid"":true}"
644283,2026-07-17T23:19:13.033919,CAR_001,22.32382800,73.13611600,1.25,6,0,32,True,True,False,Testing Zone,NORMAL,,0.55,233,Vehicle outside silence zone.,"{""timestamp"":644283,""car_id"":""CAR_001"",""lat"":22.32382817,""lon"":73.13611583,""horn"":true,""hdop"":1.25,""satellites"":6,""adc"":0,""gps_age"":32,""gps_valid"":true}"
645284,2026-07-17T23:19:14.033195,CAR_001,22.3238280,73.13611400,1.25,6,0,35,True,True,False,Testing Zone,NORMAL,,0.39,234,Vehicle outside silence zone.,"{""timestamp"":645284,""car_id"":""CAR_001"",""lat"":22.3238281,""lon"":73.13611417,""horn"":true,""hdop"":1.25,""satellites"":6,""adc"":0,""gps_age"":35,""gps_valid"":true}"
646285,2026-07-17T23:19:15.033890,CAR_001,22.32382900,73.13611100,1.25,6,0,41,True,True,False,Testing Zone,NORMAL,,0.07,235,Vehicle outside silence zone.,"{""timestamp"":646285,""car_id"":""CAR_001"",""lat"":22.32382893,""lon"":73.13611053,""horn"":true,""hdop"":1.25,""satellites"":6,""adc"":0,""gps_age"":41,""gps_valid"":true}"
647286,2026-07-17T23:19:16.034883,CAR_001,22.3238300,73.1361050,3.76,5,0,40,True,True,True,Testing Zone,HONK,True,-0.4,236,Honk justified inside Testing Zone.,"{""timestamp"":647286,""car_id"":""CAR_001"",""lat"":22.3238302,""lon"":73.1361051,""horn"":true,""hdop"":3.76,""satellites"":5,""adc"":0,""gps_age"":40,""gps_valid"":true}"
648287,2026-07-17T23:19:17.034637,CAR_001,22.3238310,73.13610000,1.25,6,0,41,True,True,True,Testing Zone,HONK,True,-0.92,237,Honk justified inside Testing Zone.,"{""timestamp"":648287,""car_id"":""CAR_001"",""lat"":22.3238306,""lon"":73.13609953,""horn"":true,""hdop"":1.25,""satellites"":6,""adc"":0,""gps_age"":41,""gps_valid"":true}"
649288,2026-07-17T23:19:18.038527,CAR_001,22.3238320,73.13609100,1.25,6,0,41,True,True,True,Testing Zone,HONK,True,-1.73,238,Honk justified inside Testing Zone.,"{""timestamp"":649288,""car_id"":""CAR_001"",""lat"":22.3238316,""lon"":73.13609073,""horn"":true,""hdop"":1.25,""satellites"":6,""adc"":0,""gps_age"":41,""gps_valid"":true}"
650289,2026-07-17T23:19:19.046510,CAR_001,22.32383300,73.13608100,1.25,6,0,39,True,True,True,Testing Zone,HONK,True,-2.65,239,Honk justified inside Testing Zone.,"{""timestamp"":650289,""car_id"":""CAR_001"",""lat"":22.32383257,""lon"":73.13608073,""horn"":true,""hdop"":1.25,""satellites"":6,""adc"":0,""gps_age"":39,""gps_valid"":true}"
651290,2026-07-17T23:19:20.040716,CAR_001,22.32383300,73.1360710,1.25,6,0,42,True,True,True,Testing Zone,HONK,True,-3.63,240,Honk justified inside Testing Zone.,"{""timestamp"":651290,""car_id"":""CAR_001"",""lat"":22.32383283,""lon"":73.1360705,""horn"":true,""hdop"":1.25,""satellites"":6,""adc"":0,""gps_age"":42,""gps_valid"":true}"
652291,2026-07-17T23:19:21.039530,CAR_001,22.32383200,73.1360610,1.25,6,0,43,True,True,True,Testing Zone,HONK,True,-4.13,241,Honk justified inside Testing Zone.,"{""timestamp"":652291,""car_id"":""CAR_001"",""lat"":22.32383187,""lon"":73.1360606,""horn"":true,""hdop"":1.25,""satellites"":6,""adc"":0,""gps_age"":43,""gps_valid"":true}"
653292,2026-07-17T23:19:22.042376,CAR_001,22.32382900,73.13605000,1.25,6,0,46,True,True,True,Testing Zone,HONK,True,-4.27,242,Honk justified inside Testing Zone.,"{""timestamp"":653292,""car_id"":""CAR_001"",""lat"":22.32382873,""lon"":73.13604993,""horn"":true,""hdop"":1.25,""satellites"":6,""adc"":0,""gps_age"":46,""gps_valid"":true}"
654293,2026-07-17T23:19:23.041249,CAR_001,22.32382400,73.13604000,1.25,6,0,47,True,True,True,Testing Zone,HONK,False,-4.62,243,Honk unjustified inside Testing Zone.,"{""timestamp"":654293,""car_id"":""CAR_001"",""lat"":22.32382383,""lon"":73.13604043,""horn"":true,""hdop"":1.25,""satellites"":6,""adc"":0,""gps_age"":47,""gps_valid"":true}"
655294,2026-07-17T23:19:24.040908,CAR_001,22.3238150,73.13603200,1.25,6,0,48,True,True,True,Testing Zone,HONK,True,-5.43,244,Honk justified inside Testing Zone.,"{""timestamp"":655294,""car_id"":""CAR_001"",""lat"":22.3238149,""lon"":73.13603173,""horn"":true,""hdop"":1.25,""satellites"":6,""adc"":0,""gps_age"":48,""gps_valid"":true}"
656295,2026-07-17T23:19:25.042700,CAR_001,22.323801,73.13602300,1.25,6,0,49,True,True,True,Testing Zone,HONK,True,-6.79,245,Honk justified inside Testing Zone.,"{""timestamp"":656295,""car_id"":""CAR_001"",""lat"":22.323801,""lon"":73.13602347,""horn"":true,""hdop"":1.25,""satellites"":6,""adc"":0,""gps_age"":49,""gps_valid"":true}"
657296,2026-07-17T23:19:26.052063,CAR_001,22.32378400,73.13601600,1.25,6,0,50,True,True,True,Testing Zone,HONK,False,-8.08,246,Honk unjustified inside Testing Zone.,"{""timestamp"":657296,""car_id"":""CAR_001"",""lat"":22.32378383,""lon"":73.13601623,""horn"":true,""hdop"":1.25,""satellites"":6,""adc"":0,""gps_age"":50,""gps_valid"":true}"
658297,2026-07-17T23:19:27.044392,CAR_001,22.3237680,73.13601000,1.25,6,0,55,True,True,True,Testing Zone,HONK,False,-6.53,247,Honk unjustified inside Testing Zone.,"{""timestamp"":658297,""car_id"":""CAR_001"",""lat"":22.3237683,""lon"":73.13600973,""horn"":true,""hdop"":1.25,""satellites"":6,""adc"":0,""gps_age"":55,""gps_valid"":true}"
659298,2026-07-17T23:19:28.047945,CAR_001,22.32375400,73.1360030,3.15,5,0,54,True,True,True,Testing Zone,HONK,False,-5.11,248,Honk unjustified inside Testing Zone.,"{""timestamp"":659298,""car_id"":""CAR_001"",""lat"":22.32375393,""lon"":73.1360029,""horn"":true,""hdop"":3.15,""satellites"":5,""adc"":0,""gps_age"":54,""gps_valid"":true}"
660299,2026-07-17T23:19:29.047893,CAR_001,22.32374400,73.1359950,3.15,6,0,55,True,True,True,Testing Zone,HONK,False,-4.22,249,Honk unjustified inside Testing Zone.,"{""timestamp"":660299,""car_id"":""CAR_001"",""lat"":22.32374427,""lon"":73.1359954,""horn"":true,""hdop"":3.15,""satellites"":6,""adc"":0,""gps_age"":55,""gps_valid"":true}"
661300,2026-07-17T23:19:30.047866,CAR_001,22.3237380,73.1359880,3.16,6,0,53,True,True,True,Testing Zone,HONK,False,-3.73,250,Honk unjustified inside Testing Zone.,"{""timestamp"":661300,""car_id"":""CAR_001"",""lat"":22.3237383,""lon"":73.1359879,""horn"":true,""hdop"":3.16,""satellites"":6,""adc"":0,""gps_age"":53,""gps_valid"":true}"
662301,2026-07-17T23:19:31.049569,CAR_001,22.32373600,73.13598000,3.16,6,0,54,True,True,True,Testing Zone,HONK,False,-3.61,251,Honk unjustified inside Testing Zone.,"{""timestamp"":662301,""car_id"":""CAR_001"",""lat"":22.32373567,""lon"":73.13597973,""horn"":true,""hdop"":3.16,""satellites"":6,""adc"":0,""gps_age"":54,""gps_valid"":true}"
663303,2026-07-17T23:19:32.052979,CAR_001,22.3237340,73.1359720,3.16,6,0,56,True,True,True,Testing Zone,HONK,False,-3.56,252,Honk unjustified inside Testing Zone.,"{""timestamp"":663303,""car_id"":""CAR_001"",""lat"":22.3237337,""lon"":73.1359721,""horn"":true,""hdop"":3.16,""satellites"":6,""adc"":0,""gps_age"":56,""gps_valid"":true}"
664303,2026-07-17T23:19:33.049787,CAR_001,22.3237330,73.13596500,1.25,6,0,58,True,True,True,Testing Zone,HONK,False,-3.61,253,Honk unjustified inside Testing Zone.,"{""timestamp"":664303,""car_id"":""CAR_001"",""lat"":22.3237328,""lon"":73.13596517,""horn"":true,""hdop"":1.25,""satellites"":6,""adc"":0,""gps_age"":58,""gps_valid"":true}"
665304,2026-07-17T23:19:34.056955,CAR_001,22.32373300,73.1359600,1.25,6,0,57,True,True,True,Testing Zone,HONK,False,-3.69,254,Honk unjustified inside Testing Zone.,"{""timestamp"":665304,""car_id"":""CAR_001"",""lat"":22.32373253,""lon"":73.1359601,""horn"":true,""hdop"":1.25,""satellites"":6,""adc"":0,""gps_age"":57,""gps_valid"":true}"
666305,2026-07-17T23:19:35.064360,CAR_001,22.32373400,73.1359570,1.25,6,0,58,True,True,True,Testing Zone,HONK,False,-3.9,255,Honk unjustified inside Testing Zone.,"{""timestamp"":666305,""car_id"":""CAR_001"",""lat"":22.32373377,""lon"":73.1359567,""horn"":true,""hdop"":1.25,""satellites"":6,""adc"":0,""gps_age"":58,""gps_valid"":true}"
667306,2026-07-17T23:19:36.054155,CAR_001,22.32373700,73.1359540,1.25,6,0,60,True,True,True,Testing Zone,HONK,False,-4.28,256,Honk unjustified inside Testing Zone.,"{""timestamp"":667306,""car_id"":""CAR_001"",""lat"":22.32373683,""lon"":73.1359542,""horn"":true,""hdop"":1.25,""satellites"":6,""adc"":0,""gps_age"":60,""gps_valid"":true}"
668307,2026-07-17T23:19:37.055846,CAR_001,22.3237420,73.13595300,1.25,6,0,61,True,True,True,Testing Zone,HONK,False,-4.87,257,Honk unjustified inside Testing Zone.,"{""timestamp"":668307,""car_id"":""CAR_001"",""lat"":22.3237421,""lon"":73.13595343,""horn"":true,""hdop"":1.25,""satellites"":6,""adc"":0,""gps_age"":61,""gps_valid"":true}"
669308,2026-07-17T23:19:38.056855,CAR_001,22.32375000,73.13595500,1.25,6,0,63,True,True,True,Testing Zone,HONK,False,-5.73,258,Honk unjustified inside Testing Zone.,"{""timestamp"":669308,""car_id"":""CAR_001"",""lat"":22.32375027,""lon"":73.13595473,""horn"":true,""hdop"":1.25,""satellites"":6,""adc"":0,""gps_age"":63,""gps_valid"":true}"
670309,2026-07-17T23:19:39.055495,CAR_001,22.32375900,73.13595800,1.52,6,0,64,True,True,True,Testing Zone,HONK,False,-6.56,259,Honk unjustified inside Testing Zone.,"{""timestamp"":670309,""car_id"":""CAR_001"",""lat"":22.32375853,""lon"":73.13595827,""horn"":true,""hdop"":1.52,""satellites"":6,""adc"":0,""gps_age"":64,""gps_valid"":true}"
671310,2026-07-17T23:19:40.061232,CAR_001,22.32376600,73.13596300,1.52,6,0,64,True,True,True,Testing Zone,HONK,False,-7.25,260,Honk unjustified inside Testing Zone.,"{""timestamp"":671310,""car_id"":""CAR_001"",""lat"":22.32376593,""lon"":73.13596347,""horn"":true,""hdop"":1.52,""satellites"":6,""adc"":0,""gps_age"":64,""gps_valid"":true}"
672311,2026-07-17T23:19:41.058659,CAR_001,22.3237740,73.13597300,1.52,6,0,65,True,True,True,Testing Zone,HONK,False,-7.9,261,Honk unjustified inside Testing Zone.,"{""timestamp"":672311,""car_id"":""CAR_001"",""lat"":22.3237737,""lon"":73.13597293,""horn"":true,""hdop"":1.52,""satellites"":6,""adc"":0,""gps_age"":65,""gps_valid"":true}"
673312,2026-07-17T23:19:42.057273,CAR_001,22.32378100,73.13598200,1.52,6,0,67,True,True,True,Testing Zone,HONK,False,-8.21,262,Honk unjustified inside Testing Zone.,"{""timestamp"":673312,""car_id"":""CAR_001"",""lat"":22.32378073,""lon"":73.13598227,""horn"":true,""hdop"":1.52,""satellites"":6,""adc"":0,""gps_age"":67,""gps_valid"":true}"
674313,2026-07-17T23:19:43.060450,CAR_001,22.32378700,73.1359930,1.52,6,0,67,True,True,True,Testing Zone,HONK,False,-7.75,263,Honk unjustified inside Testing Zone.,"{""timestamp"":674313,""car_id"":""CAR_001"",""lat"":22.32378687,""lon"":73.1359933,""horn"":true,""hdop"":1.52,""satellites"":6,""adc"":0,""gps_age"":67,""gps_valid"":true}"
675314,2026-07-17T23:19:44.061624,CAR_001,22.32379400,73.13600400,1.25,6,0,68,True,True,True,Testing Zone,HONK,False,-7.2,264,Honk unjustified inside Testing Zone.,"{""timestamp"":675314,""car_id"":""CAR_001"",""lat"":22.32379377,""lon"":73.13600417,""horn"":true,""hdop"":1.25,""satellites"":6,""adc"":0,""gps_age"":68,""gps_valid"":true}"
676315,2026-07-17T23:19:45.062825,CAR_001,22.3238020,73.13601800,1.25,6,0,69,True,True,True,Testing Zone,HONK,False,-6.54,265,Honk unjustified inside Testing Zone.,"{""timestamp"":676315,""car_id"":""CAR_001"",""lat"":22.3238022,""lon"":73.13601757,""horn"":true,""hdop"":1.25,""satellites"":6,""adc"":0,""gps_age"":69,""gps_valid"":true}"
677316,2026-07-17T23:19:46.066544,CAR_001,22.32381000,73.1360300,1.25,6,0,69,True,True,True,Testing Zone,HONK,True,-5.99,266,Honk justified inside Testing Zone.,"{""timestamp"":677316,""car_id"":""CAR_001"",""lat"":22.32380953,""lon"":73.1360303,""horn"":true,""hdop"":1.25,""satellites"":6,""adc"":0,""gps_age"":69,""gps_valid"":true}"
678317,2026-07-17T23:19:47.067580,CAR_001,22.32381600,73.13604300,1.25,6,0,72,True,True,True,Testing Zone,HONK,True,-5.49,267,Honk justified inside Testing Zone.,"{""timestamp"":678317,""car_id"":""CAR_001"",""lat"":22.32381633,""lon"":73.13604323,""horn"":true,""hdop"":1.25,""satellites"":6,""adc"":0,""gps_age"":72,""gps_valid"":true}"
679318,2026-07-17T23:19:48.066090,CAR_001,22.32382400,73.13605500,1.25,6,0,74,True,True,True,Testing Zone,HONK,False,-4.93,268,Honk unjustified inside Testing Zone.,"{""timestamp"":679318,""car_id"":""CAR_001"",""lat"":22.32382363,""lon"":73.13605533,""horn"":true,""hdop"":1.25,""satellites"":6,""adc"":0,""gps_age"":74,""gps_valid"":true}"
680319,2026-07-17T23:19:49.068472,CAR_001,22.32383,73.13606800,3.85,6,0,72,True,True,True,Testing Zone,HONK,False,-4.01,269,Honk unjustified inside Testing Zone.,"{""timestamp"":680319,""car_id"":""CAR_001"",""lat"":22.32383,""lon"":73.13606767,""horn"":true,""hdop"":3.85,""satellites"":6,""adc"":0,""gps_age"":72,""gps_valid"":true}"
681320,2026-07-17T23:19:50.068892,CAR_001,22.32383700,73.13607900,3.85,5,0,76,True,True,True,Testing Zone,HONK,True,-2.63,270,Honk justified inside Testing Zone.,"{""timestamp"":681320,""car_id"":""CAR_001"",""lat"":22.32383713,""lon"":73.13607913,""horn"":true,""hdop"":3.85,""satellites"":5,""adc"":0,""gps_age"":76,""gps_valid"":true}"
682321,2026-07-17T23:19:51.067081,CAR_001,22.32384500,73.13609100,3.86,5,0,78,True,True,True,Testing Zone,HONK,True,-1.22,271,Honk justified inside Testing Zone.,"{""timestamp"":682321,""car_id"":""CAR_001"",""lat"":22.32384513,""lon"":73.13609053,""horn"":true,""hdop"":3.86,""satellites"":5,""adc"":0,""gps_age"":78,""gps_valid"":true}"
683322,2026-07-17T23:19:52.071455,CAR_001,22.3238540,73.13610500,3.86,5,0,78,True,True,False,Testing Zone,NORMAL,,0.5,272,Vehicle exited Testing Zone.,"{""timestamp"":683322,""car_id"":""CAR_001"",""lat"":22.3238541,""lon"":73.13610473,""horn"":true,""hdop"":3.86,""satellites"":5,""adc"":0,""gps_age"":78,""gps_valid"":true}"
684323,2026-07-17T23:19:53.072671,CAR_001,22.32386100,73.13611900,3.86,5,0,80,True,True,False,Testing Zone,NORMAL,,2.12,273,Vehicle exited Testing Zone.,"{""timestamp"":684323,""car_id"":""CAR_001"",""lat"":22.32386147,""lon"":73.13611853,""horn"":true,""hdop"":3.86,""satellites"":5,""adc"":0,""gps_age"":80,""gps_valid"":true}"
685324,2026-07-17T23:19:54.069938,CAR_001,22.32387400,73.1361300,3.87,5,0,80,True,True,False,Testing Zone,EXIT,,3.73,274,Vehicle exited Testing Zone.,"{""timestamp"":685324,""car_id"":""CAR_001"",""lat"":22.32387387,""lon"":73.1361302,""horn"":true,""hdop"":3.87,""satellites"":5,""adc"":0,""gps_age"":80,""gps_valid"":true}"
686325,2026-07-17T23:19:55.077916,CAR_001,22.32388600,73.13613800,3.87,5,0,80,True,True,False,Testing Zone,NORMAL,,4.91,275,Vehicle outside silence zone.,"{""timestamp"":686325,""car_id"":""CAR_001"",""lat"":22.32388607,""lon"":73.13613753,""horn"":true,""hdop"":3.87,""satellites"":5,""adc"":0,""gps_age"":80,""gps_valid"":true}"
687326,2026-07-17T23:19:56.073690,CAR_001,22.32389700,73.13614000,4.66,5,0,81,True,True,False,Testing Zone,NORMAL,,5.64,276,Vehicle outside silence zone.,"{""timestamp"":687326,""car_id"":""CAR_001"",""lat"":22.32389723,""lon"":73.13614027,""horn"":true,""hdop"":4.66,""satellites"":5,""adc"":0,""gps_age"":81,""gps_valid"":true}"
688327,2026-07-17T23:19:57.072555,CAR_001,22.3239040,73.13613800,4.67,5,0,84,True,True,False,Testing Zone,NORMAL,,5.85,277,Vehicle outside silence zone.,"{""timestamp"":688327,""car_id"":""CAR_001"",""lat"":22.3239041,""lon"":73.13613843,""horn"":true,""hdop"":4.67,""satellites"":5,""adc"":0,""gps_age"":84,""gps_valid"":true}"
689328,2026-07-17T23:19:58.076677,CAR_001,22.32390900,73.13613400,4.67,5,0,83,True,True,False,Testing Zone,NORMAL,,5.79,278,Vehicle outside silence zone.,"{""timestamp"":689328,""car_id"":""CAR_001"",""lat"":22.32390877,""lon"":73.13613383,""horn"":true,""hdop"":4.67,""satellites"":5,""adc"":0,""gps_age"":83,""gps_valid"":true}"
690329,2026-07-17T23:19:59.074742,CAR_001,22.3239060,73.1361270,3.88,5,0,81,True,True,False,Testing Zone,NORMAL,,5.05,279,Vehicle outside silence zone.,"{""timestamp"":690329,""car_id"":""CAR_001"",""lat"":22.3239057,""lon"":73.1361272,""horn"":true,""hdop"":3.88,""satellites"":5,""adc"":0,""gps_age"":81,""gps_valid"":true}"
691330,2026-07-17T23:20:00.076781,CAR_001,22.323893,73.13611800,3.88,6,0,82,True,True,False,Testing Zone,NORMAL,,3.42,280,Vehicle outside silence zone.,"{""timestamp"":691330,""car_id"":""CAR_001"",""lat"":22.323893,""lon"":73.13611797,""horn"":true,""hdop"":3.88,""satellites"":6,""adc"":0,""gps_age"":82,""gps_valid"":true}"
692331,2026-07-17T23:20:01.076769,CAR_001,22.32387900,73.13610800,3.89,6,0,84,True,True,False,Testing Zone,NORMAL,,1.74,281,Vehicle outside silence zone.,"{""timestamp"":692331,""car_id"":""CAR_001"",""lat"":22.32387853,""lon"":73.13610767,""horn"":true,""hdop"":3.89,""satellites"":6,""adc"":0,""gps_age"":84,""gps_valid"":true}"
693332,2026-07-17T23:20:02.082752,CAR_001,22.3238670,73.13609800,3.89,6,0,87,True,True,False,Testing Zone,NORMAL,,0.34,282,Vehicle outside silence zone.,"{""timestamp"":693332,""car_id"":""CAR_001"",""lat"":22.3238672,""lon"":73.13609773,""horn"":true,""hdop"":3.89,""satellites"":6,""adc"":0,""gps_age"":87,""gps_valid"":true}"
694333,2026-07-17T23:20:03.088516,CAR_001,22.3238580,73.1360870,3.89,6,0,84,True,True,True,Testing Zone,HONK,False,-1.08,283,Honk unjustified inside Testing Zone.,"{""timestamp"":694333,""car_id"":""CAR_001"",""lat"":22.3238576,""lon"":73.1360869,""horn"":true,""hdop"":3.89,""satellites"":6,""adc"":0,""gps_age"":84,""gps_valid"":true}"
695334,2026-07-17T23:20:04.091733,CAR_001,22.32384900,73.13607300,3.89,6,0,85,True,True,True,Testing Zone,HONK,False,-2.55,284,Honk unjustified inside Testing Zone.,"{""timestamp"":695334,""car_id"":""CAR_001"",""lat"":22.32384863,""lon"":73.13607343,""horn"":true,""hdop"":3.89,""satellites"":6,""adc"":0,""gps_age"":85,""gps_valid"":true}"
696335,2026-07-17T23:20:05.082022,CAR_001,22.32384800,73.13606100,1.25,6,0,88,True,True,True,Testing Zone,HONK,False,-2.4,285,Honk unjustified inside Testing Zone.,"{""timestamp"":696335,""car_id"":""CAR_001"",""lat"":22.32384783,""lon"":73.13606113,""horn"":true,""hdop"":1.25,""satellites"":6,""adc"":0,""gps_age"":88,""gps_valid"":true}"
697336,2026-07-17T23:20:06.083002,CAR_001,22.32384800,73.13605000,1.25,6,0,89,True,True,True,Testing Zone,HONK,False,-2.12,286,Honk unjustified inside Testing Zone.,"{""timestamp"":697336,""car_id"":""CAR_001"",""lat"":22.32384837,""lon"":73.13604993,""horn"":true,""hdop"":1.25,""satellites"":6,""adc"":0,""gps_age"":89,""gps_valid"":true}"
698337,2026-07-17T23:20:07.100178,CAR_001,22.32385000,73.1360370,1.25,6,0,90,True,True,True,Testing Zone,HONK,False,-1.75,287,Honk unjustified inside Testing Zone.,"{""timestamp"":698337,""car_id"":""CAR_001"",""lat"":22.32384953,""lon"":73.1360371,""horn"":true,""hdop"":1.25,""satellites"":6,""adc"":0,""gps_age"":90,""gps_valid"":true}"
699338,2026-07-17T23:20:08.084955,CAR_001,22.32385200,73.13602600,1.25,6,0,91,True,True,True,Testing Zone,HONK,False,-1.3,288,Honk unjustified inside Testing Zone.,"{""timestamp"":699338,""car_id"":""CAR_001"",""lat"":22.32385167,""lon"":73.13602603,""horn"":true,""hdop"":1.25,""satellites"":6,""adc"":0,""gps_age"":91,""gps_valid"":true}"
700339,2026-07-17T23:20:09.085982,CAR_001,22.32385600,73.13601800,1.25,6,0,92,True,True,True,Testing Zone,HONK,False,-0.72,289,Honk unjustified inside Testing Zone.,"{""timestamp"":700339,""car_id"":""CAR_001"",""lat"":22.32385567,""lon"":73.13601843,""horn"":true,""hdop"":1.25,""satellites"":6,""adc"":0,""gps_age"":92,""gps_valid"":true}"
701340,2026-07-17T23:20:10.094192,CAR_001,22.3238590,73.1360130,1.25,6,0,94,True,True,True,Testing Zone,HONK,False,-0.3,290,Honk unjustified inside Testing Zone.,"{""timestamp"":701340,""car_id"":""CAR_001"",""lat"":22.3238586,""lon"":73.1360132,""horn"":true,""hdop"":1.25,""satellites"":6,""adc"":0,""gps_age"":94,""gps_valid"":true}"
702341,2026-07-17T23:20:11.088929,CAR_001,22.32385600,73.13601100,1.25,6,0,95,True,True,True,Testing Zone,HONK,True,-0.49,291,Honk justified inside Testing Zone.,"{""timestamp"":702341,""car_id"":""CAR_001"",""lat"":22.32385637,""lon"":73.13601053,""horn"":true,""hdop"":1.25,""satellites"":6,""adc"":0,""gps_age"":95,""gps_valid"":true}"
703342,2026-07-17T23:20:12.088765,CAR_001,22.323852,73.1360090,1.25,6,0,97,True,True,True,Testing Zone,HONK,True,-0.94,292,Honk justified inside Testing Zone.,"{""timestamp"":703342,""car_id"":""CAR_001"",""lat"":22.323852,""lon"":73.1360094,""horn"":true,""hdop"":1.25,""satellites"":6,""adc"":0,""gps_age"":97,""gps_valid"":true}"
704343,2026-07-17T23:20:13.089736,CAR_001,22.32384500,73.13600700,1.25,6,0,93,True,True,True,Testing Zone,HONK,True,-1.67,293,Honk justified inside Testing Zone.,"{""timestamp"":704343,""car_id"":""CAR_001"",""lat"":22.32384503,""lon"":73.13600747,""horn"":true,""hdop"":1.25,""satellites"":6,""adc"":0,""gps_age"":93,""gps_valid"":true}"
705344,2026-07-17T23:20:14.090555,CAR_001,22.32383600,73.13600700,1.25,6,0,96,True,True,True,Testing Zone,HONK,True,-2.69,294,Honk justified inside Testing Zone.,"{""timestamp"":705344,""car_id"":""CAR_001"",""lat"":22.32383557,""lon"":73.13600703,""horn"":true,""hdop"":1.25,""satellites"":6,""adc"":0,""gps_age"":96,""gps_valid"":true}"
706345,2026-07-17T23:20:15.092826,CAR_001,22.323826,73.13600600,1.25,6,0,99,True,True,True,Testing Zone,HONK,True,-3.73,295,Honk justified inside Testing Zone.,"{""timestamp"":706345,""car_id"":""CAR_001"",""lat"":22.323826,""lon"":73.13600633,""horn"":true,""hdop"":1.25,""satellites"":6,""adc"":0,""gps_age"":99,""gps_valid"":true}"
707346,2026-07-17T23:20:16.090962,CAR_001,22.32382200,73.1360050,1.25,6,0,99,True,True,True,Testing Zone,HONK,True,-4.11,296,Honk justified inside Testing Zone.,"{""timestamp"":707346,""car_id"":""CAR_001"",""lat"":22.32382227,""lon"":73.1360053,""horn"":true,""hdop"":1.25,""satellites"":6,""adc"":0,""gps_age"":99,""gps_valid"":true}"
708347,2026-07-17T23:20:17.094193,CAR_001,22.32381900,73.13600500,1.25,6,0,100,True,True,True,Testing Zone,HONK,True,-4.49,297,Honk justified inside Testing Zone.,"{""timestamp"":708347,""car_id"":""CAR_001"",""lat"":22.32381887,""lon"":73.13600547,""horn"":true,""hdop"":1.25,""satellites"":6,""adc"":0,""gps_age"":100,""gps_valid"":true}"
709348,2026-07-17T23:20:18.097315,CAR_001,22.32381800,73.1360090,1.25,6,0,100,True,True,True,Testing Zone,HONK,True,-4.67,298,Honk justified inside Testing Zone.,"{""timestamp"":709348,""car_id"":""CAR_001"",""lat"":22.32381783,""lon"":73.1360092,""horn"":true,""hdop"":1.25,""satellites"":6,""adc"":0,""gps_age"":100,""gps_valid"":true}"
710349,2026-07-17T23:20:19.094995,CAR_001,22.32382100,73.1360180,1.25,6,0,101,True,True,True,Testing Zone,HONK,True,-4.47,299,Honk justified inside Testing Zone.,"{""timestamp"":710349,""car_id"":""CAR_001"",""lat"":22.32382123,""lon"":73.1360182,""horn"":true,""hdop"":1.25,""satellites"":6,""adc"":0,""gps_age"":101,""gps_valid"":true}"
711350,2026-07-17T23:20:20.099160,CAR_001,22.3238250,73.13603200,3.94,6,0,102,True,True,True,Testing Zone,HONK,True,-4.32,300,Honk justified inside Testing Zone.,"{""timestamp"":711350,""car_id"":""CAR_001"",""lat"":22.3238251,""lon"":73.13603217,""horn"":true,""hdop"":3.94,""satellites"":6,""adc"":0,""gps_age"":102,""gps_valid"":true}"
712351,2026-07-17T23:20:21.095772,CAR_001,22.32382700,73.13604800,3.94,6,0,102,True,True,True,Testing Zone,HONK,True,-4.44,301,Honk justified inside Testing Zone.,"{""timestamp"":712351,""car_id"":""CAR_001"",""lat"":22.32382683,""lon"":73.13604793,""horn"":true,""hdop"":3.94,""satellites"":6,""adc"":0,""gps_age"":102,""gps_valid"":true}"
713352,2026-07-17T23:20:22.097433,CAR_001,22.32382800,73.13606600,3.95,6,0,101,True,True,True,Testing Zone,HONK,False,-4.27,302,Honk unjustified inside Testing Zone.,"{""timestamp"":713352,""car_id"":""CAR_001"",""lat"":22.32382773,""lon"":73.13606593,""horn"":true,""hdop"":3.95,""satellites"":6,""adc"":0,""gps_age"":101,""gps_valid"":true}"
714353,2026-07-17T23:20:23.098828,CAR_001,22.32382800,73.13608300,3.95,6,0,106,True,True,True,Testing Zone,HONK,True,-2.59,303,Honk justified inside Testing Zone.,"{""timestamp"":714353,""car_id"":""CAR_001"",""lat"":22.32382773,""lon"":73.13608333,""horn"":true,""hdop"":3.95,""satellites"":6,""adc"":0,""gps_age"":106,""gps_valid"":true}"
715354,2026-07-17T23:20:24.102192,CAR_001,22.3238270,73.1360960,3.95,6,0,107,True,True,True,Testing Zone,HONK,True,-1.39,304,Honk justified inside Testing Zone.,"{""timestamp"":715354,""car_id"":""CAR_001"",""lat"":22.3238266,""lon"":73.1360963,""horn"":true,""hdop"":3.95,""satellites"":6,""adc"":0,""gps_age"":107,""gps_valid"":true}"
716355,2026-07-17T23:20:25.099982,CAR_001,22.3238250,73.13610700,3.96,5,0,108,True,True,True,Testing Zone,HONK,True,-0.47,305,Honk justified inside Testing Zone.,"{""timestamp"":716355,""car_id"":""CAR_001"",""lat"":22.3238249,""lon"":73.13610657,""horn"":true,""hdop"":3.96,""satellites"":5,""adc"":0,""gps_age"":108,""gps_valid"":true}"
717356,2026-07-17T23:20:26.101459,CAR_001,22.32382600,73.13611700,3.96,5,0,111,True,True,False,Testing Zone,NORMAL,,0.57,306,Vehicle exited Testing Zone.,"{""timestamp"":717356,""car_id"":""CAR_001"",""lat"":22.32382633,""lon"":73.13611677,""horn"":true,""hdop"":3.96,""satellites"":5,""adc"":0,""gps_age"":111,""gps_valid"":true}"
718357,2026-07-17T23:20:27.105811,CAR_001,22.3238290,73.1361260,3.96,5,0,114,True,True,False,Testing Zone,NORMAL,,1.53,307,Vehicle exited Testing Zone.,"{""timestamp"":718357,""car_id"":""CAR_001"",""lat"":22.3238293,""lon"":73.1361255,""horn"":true,""hdop"":3.96,""satellites"":5,""adc"":0,""gps_age"":114,""gps_valid"":true}"
719358,2026-07-17T23:20:28.115789,CAR_001,22.32383200,73.13613400,3.96,5,0,113,True,True,False,Testing Zone,EXIT,,2.47,308,Vehicle exited Testing Zone.,"{""timestamp"":719358,""car_id"":""CAR_001"",""lat"":22.32383223,""lon"":73.13613413,""horn"":true,""hdop"":3.96,""satellites"":5,""adc"":0,""gps_age"":113,""gps_valid"":true}"
720359,2026-07-17T23:20:29.104812,CAR_001,22.32383400,73.13614300,3.97,5,0,115,True,True,False,Testing Zone,NORMAL,,3.43,309,Vehicle outside silence zone.,"{""timestamp"":720359,""car_id"":""CAR_001"",""lat"":22.32383397,""lon"":73.13614337,""horn"":true,""hdop"":3.97,""satellites"":5,""adc"":0,""gps_age"":115,""gps_valid"":true}"
721360,2026-07-17T23:20:30.104207,CAR_001,22.32383400,73.13614900,3.97,5,0,116,True,True,False,Testing Zone,NORMAL,,4.02,310,Vehicle outside silence zone.,"{""timestamp"":721360,""car_id"":""CAR_001"",""lat"":22.32383407,""lon"":73.13614947,""horn"":true,""hdop"":3.97,""satellites"":5,""adc"":0,""gps_age"":116,""gps_valid"":true}"
722361,2026-07-17T23:20:31.105464,CAR_001,22.32383200,73.13615100,3.97,5,0,113,True,True,False,Testing Zone,NORMAL,,4.12,311,Vehicle outside silence zone.,"{""timestamp"":722361,""car_id"":""CAR_001"",""lat"":22.32383247,""lon"":73.13615113,""horn"":true,""hdop"":3.97,""satellites"":5,""adc"":0,""gps_age"":113,""gps_valid"":true}"
723362,2026-07-17T23:20:32.105736,CAR_001,22.3238300,73.13614900,3.98,5,0,117,True,True,False,Testing Zone,NORMAL,,3.83,312,Vehicle outside silence zone.,"{""timestamp"":723362,""car_id"":""CAR_001"",""lat"":22.3238304,""lon"":73.13614903,""horn"":true,""hdop"":3.98,""satellites"":5,""adc"":0,""gps_age"":117,""gps_valid"":true}"
724363,2026-07-17T23:20:33.110140,CAR_001,22.3238290,73.1361430,3.98,5,0,120,True,True,False,Testing Zone,NORMAL,,3.23,313,Vehicle outside silence zone.,"{""timestamp"":724363,""car_id"":""CAR_001"",""lat"":22.3238287,""lon"":73.1361434,""horn"":true,""hdop"":3.98,""satellites"":5,""adc"":0,""gps_age"":120,""gps_valid"":true}"
725364,2026-07-17T23:20:34.109376,CAR_001,22.32382500,73.13613400,3.98,5,0,122,True,True,False,Testing Zone,NORMAL,,2.17,314,Vehicle outside silence zone.,"{""timestamp"":725364,""car_id"":""CAR_001"",""lat"":22.32382543,""lon"":73.13613373,""horn"":true,""hdop"":3.98,""satellites"":5,""adc"":0,""gps_age"":122,""gps_valid"":true}"
726365,2026-07-17T23:20:35.109696,CAR_001,22.32382400,73.13612400,4.75,5,0,122,True,True,False,Testing Zone,NORMAL,,1.15,315,Vehicle outside silence zone.,"{""timestamp"":726365,""car_id"":""CAR_001"",""lat"":22.32382403,""lon"":73.13612373,""horn"":true,""hdop"":4.75,""satellites"":5,""adc"":0,""gps_age"":122,""gps_valid"":true}"
727366,2026-07-17T23:20:36.111207,CAR_001,22.3238210,73.13611500,4.76,5,0,125,True,True,False,Testing Zone,NORMAL,,0.22,316,Vehicle outside silence zone.,"{""timestamp"":727366,""car_id"":""CAR_001"",""lat"":22.3238214,""lon"":73.13611517,""horn"":true,""hdop"":4.76,""satellites"":5,""adc"":0,""gps_age"":125,""gps_valid"":true}"
728367,2026-07-17T23:20:37.110813,CAR_001,22.3238150,73.13610800,4.76,5,0,125,True,True,True,Testing Zone,HONK,True,-0.72,317,Honk justified inside Testing Zone.,"{""timestamp"":728367,""car_id"":""CAR_001"",""lat"":22.3238151,""lon"":73.13610797,""horn"":true,""hdop"":4.76,""satellites"":5,""adc"":0,""gps_age"":125,""gps_valid"":true}"
729368,2026-07-17T23:20:38.114259,CAR_001,22.32380700,73.13610200,4.76,5,0,124,True,True,True,Testing Zone,HONK,True,-1.66,318,Honk justified inside Testing Zone.,"{""timestamp"":729368,""car_id"":""CAR_001"",""lat"":22.32380653,""lon"":73.13610163,""horn"":true,""hdop"":4.76,""satellites"":5,""adc"":0,""gps_age"":124,""gps_valid"":true}"
730369,2026-07-17T23:20:39.113602,CAR_001,22.32379800,73.1360960,4.76,6,0,126,True,True,True,Testing Zone,HONK,True,-2.49,319,Honk justified inside Testing Zone.,"{""timestamp"":730369,""car_id"":""CAR_001"",""lat"":22.32379833,""lon"":73.1360964,""horn"":true,""hdop"":4.76,""satellites"":6,""adc"":0,""gps_age"":126,""gps_valid"":true}"
731370,2026-07-17T23:20:40.116248,CAR_001,22.32379000,73.1360900,4.77,6,0,127,True,True,True,Testing Zone,HONK,True,-3.46,320,Honk justified inside Testing Zone.,"{""timestamp"":731370,""car_id"":""CAR_001"",""lat"":22.32378977,""lon"":73.1360898,""horn"":true,""hdop"":4.77,""satellites"":6,""adc"":0,""gps_age"":127,""gps_valid"":true}"
732371,2026-07-17T23:20:41.136077,CAR_001,22.32377600,73.13608300,4.77,5,0,128,True,True,True,Testing Zone,HONK,True,-4.64,321,Honk justified inside Testing Zone.,"{""timestamp"":732371,""car_id"":""CAR_001"",""lat"":22.32377557,""lon"":73.13608337,""horn"":true,""hdop"":4.77,""satellites"":5,""adc"":0,""gps_age"":128,""gps_valid"":true}"
733372,2026-07-17T23:20:42.183309,CAR_001,22.32376800,73.13607500,4.77,5,0,127,True,True,True,Testing Zone,HONK,True,-5.14,322,Honk justified inside Testing Zone.,"{""timestamp"":733372,""car_id"":""CAR_001"",""lat"":22.32376817,""lon"":73.13607473,""horn"":true,""hdop"":4.77,""satellites"":5,""adc"":0,""gps_age"":127,""gps_valid"":true}"
734373,2026-07-17T23:20:43.117152,CAR_001,22.32376200,73.1360660,3.19,6,0,125,True,True,True,Testing Zone,HONK,True,-4.71,323,Honk justified inside Testing Zone.,"{""timestamp"":734373,""car_id"":""CAR_001"",""lat"":22.32376243,""lon"":73.1360656,""horn"":true,""hdop"":3.19,""satellites"":6,""adc"":0,""gps_age"":125,""gps_valid"":true}"
735374,2026-07-17T23:20:44.119132,CAR_001,22.32375800,73.13605400,4.78,6,0,125,True,True,True,Testing Zone,HONK,True,-4.44,324,Honk justified inside Testing Zone.,"{""timestamp"":735374,""car_id"":""CAR_001"",""lat"":22.32375777,""lon"":73.13605427,""horn"":true,""hdop"":4.78,""satellites"":6,""adc"":0,""gps_age"":125,""gps_valid"":true}"
736375,2026-07-17T23:20:45.119656,CAR_001,22.32375600,73.13604300,4.02,6,0,128,True,True,True,Testing Zone,HONK,False,-4.45,325,Honk unjustified inside Testing Zone.,"{""timestamp"":736375,""car_id"":""CAR_001"",""lat"":22.32375563,""lon"":73.13604303,""horn"":true,""hdop"":4.02,""satellites"":6,""adc"":0,""gps_age"":128,""gps_valid"":true}"
737376,2026-07-17T23:20:46.133033,CAR_001,22.32376200,73.13603000,4.02,6,0,128,True,True,True,Testing Zone,HONK,False,-5.36,326,Honk unjustified inside Testing Zone.,"{""timestamp"":737376,""car_id"":""CAR_001"",""lat"":22.32376153,""lon"":73.13603013,""horn"":true,""hdop"":4.02,""satellites"":6,""adc"":0,""gps_age"":128,""gps_valid"":true}"
738377,2026-07-17T23:20:47.120303,CAR_001,22.3237680,73.1360200,4.02,6,0,130,True,True,True,Testing Zone,HONK,False,-6.31,327,Honk unjustified inside Testing Zone.,"{""timestamp"":738377,""car_id"":""CAR_001"",""lat"":22.3237682,""lon"":73.1360198,""horn"":true,""hdop"":4.02,""satellites"":6,""adc"":0,""gps_age"":130,""gps_valid"":true}"
739378,2026-07-17T23:20:48.124827,CAR_001,22.3237630,73.13600900,4.03,6,0,129,True,True,True,Testing Zone,HONK,False,-6.0,328,Honk unjustified inside Testing Zone.,"{""timestamp"":739378,""car_id"":""CAR_001"",""lat"":22.3237632,""lon"":73.13600857,""horn"":true,""hdop"":4.03,""satellites"":6,""adc"":0,""gps_age"":129,""gps_valid"":true}"
740379,2026-07-17T23:20:49.135436,CAR_001,22.3237620,73.1359990,1.25,6,0,127,True,True,True,Testing Zone,HONK,False,-6.05,329,Honk unjustified inside Testing Zone.,"{""timestamp"":740379,""car_id"":""CAR_001"",""lat"":22.3237618,""lon"":73.1359991,""horn"":true,""hdop"":1.25,""satellites"":6,""adc"":0,""gps_age"":127,""gps_valid"":true}"
741380,2026-07-17T23:20:50.122797,CAR_001,22.3237590,73.1359920,1.25,6,0,131,True,True,True,Testing Zone,HONK,False,-5.93,330,Honk unjustified inside Testing Zone.,"{""timestamp"":741380,""car_id"":""CAR_001"",""lat"":22.3237594,""lon"":73.1359923,""horn"":true,""hdop"":1.25,""satellites"":6,""adc"":0,""gps_age"":131,""gps_valid"":true}"
742381,2026-07-17T23:20:51.126142,CAR_001,22.32375600,73.1359870,1.25,6,0,132,True,True,True,Testing Zone,HONK,False,-5.66,331,Honk unjustified inside Testing Zone.,"{""timestamp"":742381,""car_id"":""CAR_001"",""lat"":22.32375597,""lon"":73.1359875,""horn"":true,""hdop"":1.25,""satellites"":6,""adc"":0,""gps_age"":132,""gps_valid"":true}"
743382,2026-07-17T23:20:52.124750,CAR_001,22.323749,73.13598400,1.25,6,0,12,True,True,True,Testing Zone,HONK,False,-4.98,332,Honk unjustified inside Testing Zone.,"{""timestamp"":743382,""car_id"":""CAR_001"",""lat"":22.323749,""lon"":73.13598363,""horn"":true,""hdop"":1.25,""satellites"":6,""adc"":0,""gps_age"":12,""gps_valid"":true}"
744383,2026-07-17T23:20:53.124898,CAR_001,22.32375400,73.13598100,1.25,6,0,13,True,True,True,Testing Zone,HONK,False,-5.62,333,Honk unjustified inside Testing Zone.,"{""timestamp"":744383,""car_id"":""CAR_001"",""lat"":22.32375433,""lon"":73.13598077,""horn"":true,""hdop"":1.25,""satellites"":6,""adc"":0,""gps_age"":13,""gps_valid"":true}"
745384,2026-07-17T23:20:54.146763,CAR_001,22.32375600,73.1359800,1.25,6,0,15,True,True,True,Testing Zone,HONK,False,-5.86,334,Honk unjustified inside Testing Zone.,"{""timestamp"":745384,""car_id"":""CAR_001"",""lat"":22.32375627,""lon"":73.1359797,""horn"":true,""hdop"":1.25,""satellites"":6,""adc"":0,""gps_age"":15,""gps_valid"":true}"
